,time,TSH0,TSH1,TSH2,TSH3,TSOS,V_PSOS,TSHSI,VSHS_OP,VSHS_CL,VSHP_OP,VSHP_CL,V_PC_1,CCH_1,TCO_1,m0plus,m0minus,m2plus,m2minus,m3plus,m3minus
1,0.0,26.8,24.9,27.0,26.8,23.7,0.0,203.1,0.0,0.0,0.0,0.0,0.0,0.0,24.0,0.0,0.0,0.0,0.0,0.0,0.0
2,172.0,26.8,24.9,27.0,26.8,23.7,0.0,203.1,0.0,0.0,0.0,0.0,0.0,0.0,23.8,0.0,0.0,0.0,0.0,0.0,0.0
3,185.0,26.8,24.9,27.0,26.8,23.7,0.0,196.7,0.0,0.0,0.0,0.0,0.0,0.0,23.8,0.0,0.0,0.0,0.0,0.0,0.0
4,198.0,26.8,24.9,27.0,26.8,23.7,0.0,196.4,0.0,0.0,0.0,0.0,0.0,0.0,23.8,0.0,0.0,0.0,0.0,0.0,0.0
5,211.0,27.0,24.9,27.0,26.8,23.7,0.0,196.4,0.0,0.0,0.0,0.0,0.0,0.0,23.8,0.0,0.0,0.0,0.0,0.0,0.0
6,224.0,27.0,24.9,27.0,26.8,23.7,0.0,196.4,0.0,0.0,0.0,0.0,0.0,0.0,23.8,0.0,0.0,0.0,0.0,0.0,0.0
7,237.0,27.0,24.9,27.0,26.8,23.7,0.0,196.4,0.0,0.0,0.0,0.0,0.0,0.0,23.8,0.0,0.0,0.0,0.0,0.0,0.0
8,250.0,27.0,24.9,27.0,26.8,23.7,0.0,196.4,0.0,0.0,0.0,0.0,0.0,0.0,23.8,0.0,0.0,0.0,0.0,0.0,0.0
9,274.0,27.0,24.9,27.0,26.8,23.7,0.0,203.1,0.0,0.0,0.0,0.0,0.0,0.0,23.8,0.0,0.0,0.0,0.0,0.0,0.0
10,287.0,27.0,24.9,27.0,26.8,23.7,0.0,196.4,0.0,0.0,0.0,0.0,0.0,0.0,23.8,0.0,0.0,0.0,0.0,0.0,0.0
11,300.0,26.8,24.9,27.0,26.8,23.7,0.0,196.4,0.0,0.0,0.0,0.0,0.0,0.0,23.8,0.0,0.0,0.0,0.0,0.0,0.0
12,313.0,27.0,24.9,27.0,26.8,23.7,0.225,196.1,1.0,0.0,0.0,1.0,0.0,0.0,23.8,0.0,0.225,0.0,0.225,0.0,0.225
13,326.0,27.0,24.9,27.0,26.8,24.0,0.225,196.1,1.0,0.0,0.0,1.0,0.0,0.0,23.8,0.0,0.225,0.0,0.225,0.0,0.225
14,339.0,27.0,24.9,27.0,26.8,24.4,0.225,196.1,1.0,0.0,0.0,1.0,0.0,0.0,23.8,0.0,0.225,0.0,0.225,0.0,0.225
15,352.0,27.0,24.9,27.0,26.8,24.9,0.0,196.1,1.0,0.0,0.0,1.0,0.0,0.0,23.8,0.0,0.0,0.0,0.0,0.0,0.0
16,365.0,27.0,24.9,27.0,26.8,25.1,0.0,196.1,1.0,0.0,0.0,1.0,0.0,0.0,23.8,0.0,0.0,0.0,0.0,0.0,0.0
17,378.0,27.0,24.9,27.0,26.8,25.1,0.0,196.1,1.0,0.0,0.0,1.0,0.1139,0.0,23.8,0.1139,0.0,0.0,0.0,0.0,0.0
18,391.0,27.0,24.9,27.0,26.8,25.1,0.0,196.1,1.0,0.0,0.0,1.0,0.1139,0.0,23.8,0.1139,0.0,0.0,0.0,0.0,0.0
19,404.0,27.0,24.9,27.0,26.8,25.4,0.0,196.1,1.0,0.0,0.0,1.0,0.1139,0.0,23.8,0.1139,0.0,0.0,0.0,0.0,0.0
20,417.0,27.0,24.9,27.0,26.8,25.1,0.0,196.1,1.0,0.0,0.0,1.0,0.1139,0.0,23.8,0.1139,0.0,0.0,0.0,0.0,0.0
21,430.0,27.0,24.9,27.0,26.8,25.4,0.0,196.1,1.0,0.0,0.0,1.0,0.1139,0.0,23.8,0.1139,0.0,0.0,0.0,0.0,0.0
22,443.0,27.0,24.9,27.0,26.8,25.4,0.0,196.1,1.0,0.0,0.0,1.0,0.1139,0.0,23.8,0.1139,0.0,0.0,0.0,0.0,0.0
23,456.0,27.0,24.9,27.0,26.8,25.4,0.0,196.1,1.0,0.0,0.0,1.0,0.1139,0.0,23.8,0.1139,0.0,0.0,0.0,0.0,0.0
24,469.0,26.8,24.9,27.0,26.8,25.4,0.0,196.1,1.0,0.0,0.0,1.0,0.1139,0.0,23.8,0.1139,0.0,0.0,0.0,0.0,0.0
25,482.0,27.0,24.9,27.0,26.8,25.4,0.0,196.1,1.0,0.0,0.0,1.0,0.1139,0.0,23.8,0.1139,0.0,0.0,0.0,0.0,0.0
26,495.0,27.0,24.9,27.0,26.8,25.4,0.0,196.1,1.0,0.0,0.0,1.0,0.1139,0.0,23.8,0.1139,0.0,0.0,0.0,0.0,0.0
27,508.0,27.0,24.9,27.0,26.8,25.4,0.0,196.1,1.0,0.0,0.0,1.0,0.1139,0.0,23.8,0.1139,0.0,0.0,0.0,0.0,0.0
28,521.0,27.0,24.9,27.0,26.8,25.4,0.0,196.1,1.0,0.0,0.0,1.0,0.1139,0.0,23.8,0.1139,0.0,0.0,0.0,0.0,0.0
29,534.0,27.0,24.9,27.0,26.8,25.4,0.0,196.1,1.0,0.0,0.0,1.0,0.1139,0.0,23.8,0.1139,0.0,0.0,0.0,0.0,0.0
30,547.0,26.8,24.9,27.0,26.8,25.4,0.0,196.1,1.0,0.0,0.0,1.0,0.1139,0.0,23.8,0.1139,0.0,0.0,0.0,0.0,0.0
31,560.0,27.0,24.9,27.0,26.8,25.4,0.0,196.1,1.0,0.0,0.0,1.0,0.1139,0.0,23.8,0.1139,0.0,0.0,0.0,0.0,0.0
32,573.0,26.8,24.9,27.0,26.8,25.4,0.0,196.1,1.0,0.0,0.0,1.0,0.1139,0.0,23.8,0.1139,0.0,0.0,0.0,0.0,0.0
33,586.0,26.8,24.9,27.0,26.8,25.4,0.0,196.1,1.0,0.0,0.0,1.0,0.1139,0.0,23.8,0.1139,0.0,0.0,0.0,0.0,0.0
34,599.0,26.8,24.9,27.0,26.8,25.4,0.0,196.1,1.0,0.0,0.0,1.0,0.1139,0.0,23.8,0.1139,0.0,0.0,0.0,0.0,0.0
35,612.0,26.8,24.9,27.0,26.8,25.4,0.0,196.1,1.0,0.0,0.0,1.0,0.1139,0.0,23.8,0.1139,0.0,0.0,0.0,0.0,0.0
36,625.0,27.0,24.9,27.0,26.8,25.4,0.0,196.1,1.0,0.0,0.0,1.0,0.1139,0.0,23.8,0.1139,0.0,0.0,0.0,0.0,0.0
37,638.0,26.8,24.9,27.0,26.8,25.4,0.0,196.1,1.0,0.0,0.0,1.0,0.1139,0.0,23.8,0.1139,0.0,0.0,0.0,0.0,0.0
38,651.0,26.8,24.9,27.0,26.8,25.4,0.0,196.1,1.0,0.0,0.0,1.0,0.1139,0.0,23.8,0.1139,0.0,0.0,0.0,0.0,0.0
39,664.0,26.8,24.9,27.0,26.5,25.1,0.0,196.1,1.0,0.0,0.0,1.0,0.1139,0.0,23.8,0.1139,0.0,0.0,0.0,0.0,0.0
40,677.0,26.8,24.9,27.0,26.8,25.4,0.0,196.1,1.0,0.0,0.0,1.0,0.1139,0.0,23.8,0.1139,0.0,0.0,0.0,0.0,0.0
41,690.0,27.0,24.9,27.0,26.8,25.4,0.0,196.1,1.0,0.0,0.0,1.0,0.1139,0.0,23.8,0.1139,0.0,0.0,0.0,0.0,0.0
42,703.0,27.0,24.9,27.0,26.8,25.4,0.0,196.1,1.0,0.0,0.0,1.0,0.1139,0.0,23.8,0.1139,0.0,0.0,0.0,0.0,0.0
43,716.0,26.8,24.9,27.0,26.8,25.4,0.0,196.1,1.0,0.0,0.0,1.0,0.1139,0.0,24.0,0.1139,0.0,0.0,0.0,0.0,0.0
44,729.0,27.0,24.9,27.0,26.8,25.4,0.0,196.1,1.0,0.0,0.0,1.0,0.1139,0.0,24.0,0.1139,0.0,0.0,0.0,0.0,0.0
45,742.0,26.8,24.9,27.0,26.8,25.4,0.0,196.4,1.0,0.0,0.0,1.0,0.1139,0.0,23.8,0.1139,0.0,0.0,0.0,0.0,0.0
46,755.0,26.8,24.9,27.0,26.8,25.4,0.0,196.1,1.0,0.0,0.0,1.0,0.1139,0.0,23.6,0.1139,0.0,0.0,0.0,0.0,0.0
47,768.0,26.8,24.9,27.0,26.8,25.4,0.0,196.4,1.0,0.0,0.0,1.0,0.1139,0.0,23.3,0.1139,0.0,0.0,0.0,0.0,0.0
48,781.0,26.8,24.9,27.0,26.8,25.4,0.0,196.1,1.0,0.0,0.0,1.0,0.1139,0.0,23.1,0.1139,0.0,0.0,0.0,0.0,0.0
49,794.0,26.8,24.9,27.0,26.8,25.4,0.0,196.1,1.0,0.0,0.0,1.0,0.1139,0.0,23.1,0.1139,0.0,0.0,0.0,0.0,0.0
50,807.0,26.8,24.9,27.0,26.8,25.4,0.0,196.1,1.0,0.0,0.0,1.0,0.1139,0.0,23.1,0.1139,0.0,0.0,0.0,0.0,0.0
51,820.0,26.8,24.9,27.0,26.8,25.1,0.0,196.1,1.0,0.0,0.0,1.0,0.1139,0.0,23.1,0.1139,0.0,0.0,0.0,0.0,0.0
52,833.0,26.8,24.9,27.0,26.8,25.4,0.0,196.1,1.0,0.0,0.0,1.0,0.1139,0.0,23.1,0.1139,0.0,0.0,0.0,0.0,0.0
53,846.0,26.8,24.9,27.0,26.8,25.4,0.0,196.4,1.0,0.0,0.0,1.0,0.1139,0.0,23.1,0.1139,0.0,0.0,0.0,0.0,0.0
54,859.0,27.0,24.9,27.0,26.8,25.4,0.0,196.4,1.0,0.0,0.0,1.0,0.1139,0.0,23.1,0.1139,0.0,0.0,0.0,0.0,0.0
55,872.0,26.8,24.9,27.0,26.8,25.4,0.0,196.4,1.0,0.0,0.0,1.0,0.1139,0.0,23.1,0.1139,0.0,0.0,0.0,0.0,0.0
56,885.0,26.8,24.9,26.8,26.8,25.4,0.0,196.4,1.0,0.0,0.0,1.0,0.1139,0.0,23.1,0.1139,0.0,0.0,0.0,0.0,0.0
57,898.0,27.0,24.9,27.0,26.5,25.4,0.0,196.4,1.0,0.0,0.0,1.0,0.1139,0.0,23.1,0.1139,0.0,0.0,0.0,0.0,0.0
58,911.0,26.8,24.9,27.0,26.5,25.4,0.0,196.4,1.0,0.0,0.0,1.0,0.1139,0.0,23.1,0.1139,0.0,0.0,0.0,0.0,0.0
59,924.0,27.0,24.9,27.0,26.8,25.4,0.0,196.4,1.0,0.0,0.0,1.0,0.1139,0.0,23.1,0.1139,0.0,0.0,0.0,0.0,0.0
60,937.0,26.8,24.9,27.0,26.8,25.4,0.0,196.1,1.0,0.0,0.0,1.0,0.1139,0.0,23.1,0.1139,0.0,0.0,0.0,0.0,0.0
61,950.0,26.8,24.9,27.0,26.8,25.4,0.0,196.1,1.0,0.0,0.0,1.0,0.1139,0.0,23.1,0.1139,0.0,0.0,0.0,0.0,0.0
62,963.0,26.8,24.9,27.0,26.8,25.4,0.0,196.4,1.0,0.0,0.0,1.0,0.1139,0.0,23.1,0.1139,0.0,0.0,0.0,0.0,0.0
63,976.0,27.0,24.9,27.0,26.8,25.4,0.0,196.4,1.0,0.0,0.0,1.0,0.1139,0.0,23.1,0.1139,0.0,0.0,0.0,0.0,0.0
64,989.0,26.8,24.9,27.0,26.8,25.4,0.0,196.4,1.0,0.0,0.0,1.0,0.1139,0.0,23.1,0.1139,0.0,0.0,0.0,0.0,0.0
65,1002.0,26.8,24.9,27.0,26.8,25.4,0.0,196.1,1.0,0.0,0.0,1.0,0.1139,0.0,23.1,0.1139,0.0,0.0,0.0,0.0,0.0
66,1015.0,26.8,24.9,27.0,26.8,25.4,0.0,196.1,1.0,0.0,0.0,1.0,0.1139,0.0,23.1,0.1139,0.0,0.0,0.0,0.0,0.0
67,1028.0,26.8,24.9,27.0,26.8,25.1,0.0,196.4,1.0,0.0,0.0,1.0,0.1139,0.0,23.1,0.1139,0.0,0.0,0.0,0.0,0.0
68,1041.0,26.8,24.9,26.8,26.8,25.4,0.0,196.4,1.0,0.0,0.0,1.0,0.1139,0.0,23.1,0.1139,0.0,0.0,0.0,0.0,0.0
69,1054.0,26.8,24.9,26.8,26.8,25.4,0.0,196.4,1.0,0.0,0.0,1.0,0.1139,0.0,23.1,0.1139,0.0,0.0,0.0,0.0,0.0
70,1067.0,26.8,24.9,27.0,26.8,25.1,0.0,196.4,1.0,0.0,0.0,1.0,0.1139,0.0,23.1,0.1139,0.0,0.0,0.0,0.0,0.0
71,1080.0,26.8,24.9,26.8,26.5,25.4,0.0,196.4,1.0,0.0,0.0,1.0,0.1139,0.0,23.1,0.1139,0.0,0.0,0.0,0.0,0.0
72,1093.0,26.8,24.9,26.8,26.8,25.4,0.0,196.4,1.0,0.0,0.0,1.0,0.1139,0.0,23.1,0.1139,0.0,0.0,0.0,0.0,0.0
73,1106.0,26.8,24.9,26.8,26.8,25.1,0.0,196.4,1.0,0.0,0.0,1.0,0.1139,0.0,23.1,0.1139,0.0,0.0,0.0,0.0,0.0
74,1119.0,26.8,24.9,26.8,26.8,25.4,0.0,196.1,1.0,0.0,0.0,1.0,0.1139,0.0,23.1,0.1139,0.0,0.0,0.0,0.0,0.0
75,1132.0,26.8,24.9,26.8,26.8,25.4,0.0,196.4,1.0,0.0,0.0,1.0,0.1139,0.0,23.1,0.1139,0.0,0.0,0.0,0.0,0.0
76,1145.0,26.8,24.9,26.8,26.8,25.4,0.0,196.1,1.0,0.0,0.0,1.0,0.1139,0.0,23.1,0.1139,0.0,0.0,0.0,0.0,0.0
77,1158.0,26.8,24.9,27.0,26.8,25.4,0.0,196.4,1.0,0.0,0.0,1.0,0.1139,0.0,23.1,0.1139,0.0,0.0,0.0,0.0,0.0
78,1171.0,26.8,24.9,26.8,26.8,25.1,0.0,196.4,1.0,0.0,0.0,1.0,0.1139,0.0,23.1,0.1139,0.0,0.0,0.0,0.0,0.0
79,1184.0,27.0,24.9,27.0,26.8,25.4,0.0,196.4,1.0,0.0,0.0,1.0,0.1139,0.0,23.1,0.1139,0.0,0.0,0.0,0.0,0.0
80,1197.0,26.8,24.9,26.8,26.8,25.1,0.0,196.4,1.0,0.0,0.0,1.0,0.1139,0.0,23.1,0.1139,0.0,0.0,0.0,0.0,0.0
81,1210.0,26.8,24.9,26.8,26.8,25.1,0.0,196.4,1.0,0.0,0.0,1.0,0.1139,0.0,23.1,0.1139,0.0,0.0,0.0,0.0,0.0
82,1223.0,26.8,24.9,27.0,26.8,25.4,0.0,196.4,1.0,0.0,0.0,1.0,0.1139,0.0,23.1,0.1139,0.0,0.0,0.0,0.0,0.0
83,1236.0,26.8,24.9,26.8,26.8,25.4,0.0,196.4,1.0,0.0,0.0,1.0,0.1139,0.0,23.1,0.1139,0.0,0.0,0.0,0.0,0.0
84,1249.0,26.8,24.9,26.8,26.8,25.1,0.0,196.4,1.0,0.0,0.0,1.0,0.1139,0.0,23.1,0.1139,0.0,0.0,0.0,0.0,0.0
85,1262.0,27.0,24.9,27.0,26.8,25.4,0.0,196.4,1.0,0.0,0.0,1.0,0.1139,0.0,23.1,0.1139,0.0,0.0,0.0,0.0,0.0
86,1275.0,26.8,24.9,27.0,26.8,25.1,0.0,196.4,1.0,0.0,0.0,1.0,0.1139,0.0,23.1,0.1139,0.0,0.0,0.0,0.0,0.0
87,1288.0,26.8,24.9,26.8,26.8,25.4,0.0,196.4,1.0,0.0,0.0,1.0,0.1139,0.0,23.1,0.1139,0.0,0.0,0.0,0.0,0.0
88,1301.0,26.8,24.9,27.0,26.8,25.4,0.0,196.4,1.0,0.0,0.0,1.0,0.1139,0.0,23.1,0.1139,0.0,0.0,0.0,0.0,0.0
89,1314.0,26.8,24.9,27.0,26.8,25.4,0.0,196.4,1.0,0.0,0.0,1.0,0.1139,0.0,23.1,0.1139,0.0,0.0,0.0,0.0,0.0
90,1327.0,26.8,24.9,27.0,26.8,25.1,0.0,196.4,1.0,0.0,0.0,1.0,0.1139,0.0,23.1,0.1139,0.0,0.0,0.0,0.0,0.0
91,1340.0,26.8,24.9,27.0,26.8,25.4,0.0,196.4,1.0,0.0,0.0,1.0,0.1139,0.0,23.1,0.1139,0.0,0.0,0.0,0.0,0.0
92,1353.0,26.8,24.9,27.0,26.8,25.4,0.0,196.4,1.0,0.0,0.0,1.0,0.1139,0.0,23.1,0.1139,0.0,0.0,0.0,0.0,0.0
93,1366.0,26.8,24.9,27.0,26.8,25.1,0.0,196.4,1.0,0.0,0.0,1.0,0.1139,0.0,23.1,0.1139,0.0,0.0,0.0,0.0,0.0
94,1379.0,26.8,24.9,27.0,26.5,25.4,0.0,196.4,1.0,0.0,0.0,1.0,0.1139,0.0,23.1,0.1139,0.0,0.0,0.0,0.0,0.0
95,1392.0,26.8,24.9,27.0,26.5,25.1,0.0,196.4,1.0,0.0,0.0,1.0,0.1139,0.0,23.1,0.1139,0.0,0.0,0.0,0.0,0.0
96,1405.0,27.0,24.9,27.0,26.8,25.1,0.0,196.1,1.0,0.0,0.0,1.0,0.1139,0.0,23.1,0.1139,0.0,0.0,0.0,0.0,0.0
97,1418.0,26.8,24.9,27.0,26.5,25.1,0.0,196.4,1.0,0.0,0.0,1.0,0.1139,0.0,23.1,0.1139,0.0,0.0,0.0,0.0,0.0
98,1431.0,27.0,24.9,27.0,26.5,25.1,0.0,196.4,1.0,0.0,0.0,1.0,0.1139,0.0,23.1,0.1139,0.0,0.0,0.0,0.0,0.0
99,1444.0,26.8,24.9,27.0,26.8,25.1,0.0,196.4,1.0,0.0,0.0,1.0,0.1139,0.0,23.1,0.1139,0.0,0.0,0.0,0.0,0.0
100,1457.0,26.8,24.9,27.0,26.8,25.1,0.0,196.4,1.0,0.0,0.0,1.0,0.1139,0.0,23.1,0.1139,0.0,0.0,0.0,0.0,0.0
101,1470.0,26.8,24.9,27.0,26.8,25.1,0.0,196.4,1.0,0.0,0.0,1.0,0.1139,0.0,23.1,0.1139,0.0,0.0,0.0,0.0,0.0
102,1483.0,26.8,24.9,27.0,26.5,25.1,0.0,196.4,1.0,0.0,0.0,1.0,0.1139,0.0,23.1,0.1139,0.0,0.0,0.0,0.0,0.0
103,1496.0,26.8,24.9,27.0,26.8,25.4,0.0,196.4,1.0,0.0,0.0,1.0,0.1139,0.0,23.1,0.1139,0.0,0.0,0.0,0.0,0.0
104,1509.0,26.8,24.9,27.0,26.5,25.1,0.0,196.4,1.0,0.0,0.0,1.0,0.1139,0.0,23.1,0.1139,0.0,0.0,0.0,0.0,0.0
105,1522.0,26.8,24.9,26.8,26.8,25.1,0.0,196.4,1.0,0.0,0.0,1.0,0.1139,0.0,23.1,0.1139,0.0,0.0,0.0,0.0,0.0
106,1535.0,26.8,24.9,27.0,26.8,25.1,0.0,196.4,1.0,0.0,0.0,1.0,0.1139,0.0,23.1,0.1139,0.0,0.0,0.0,0.0,0.0
107,1548.0,26.8,24.9,26.8,26.8,25.1,0.0,196.4,1.0,0.0,0.0,1.0,0.1139,0.0,23.1,0.1139,0.0,0.0,0.0,0.0,0.0
108,1561.0,26.8,24.9,27.0,26.8,25.1,0.0,196.4,1.0,0.0,0.0,1.0,0.1139,0.0,23.1,0.1139,0.0,0.0,0.0,0.0,0.0
109,1574.0,26.8,24.9,26.8,26.8,25.1,0.0,196.4,1.0,0.0,0.0,1.0,0.1139,0.0,23.1,0.1139,0.0,0.0,0.0,0.0,0.0
110,1587.0,26.8,24.9,26.8,26.8,25.1,0.0,196.4,1.0,0.0,0.0,1.0,0.1139,0.0,23.1,0.1139,0.0,0.0,0.0,0.0,0.0
111,1600.0,27.0,24.9,26.8,26.8,25.1,0.0,196.4,1.0,0.0,0.0,1.0,0.1139,0.0,23.1,0.1139,0.0,0.0,0.0,0.0,0.0
112,1613.0,26.8,24.9,26.8,26.8,25.1,0.0,196.4,1.0,0.0,0.0,1.0,0.1139,0.0,23.1,0.1139,0.0,0.0,0.0,0.0,0.0
113,1626.0,26.8,24.9,26.8,26.8,25.1,0.0,196.4,1.0,0.0,0.0,1.0,0.1139,0.0,23.1,0.1139,0.0,0.0,0.0,0.0,0.0
114,1639.0,26.8,24.9,26.8,26.8,25.4,0.0,196.4,1.0,0.0,0.0,1.0,0.1139,0.0,23.1,0.1139,0.0,0.0,0.0,0.0,0.0
115,1652.0,26.8,24.9,26.8,26.8,25.1,0.0,196.4,1.0,0.0,0.0,1.0,0.1139,0.0,23.1,0.1139,0.0,0.0,0.0,0.0,0.0
116,1665.0,26.8,24.9,26.8,26.8,25.1,0.0,196.4,1.0,0.0,0.0,1.0,0.1139,0.0,23.1,0.1139,0.0,0.0,0.0,0.0,0.0
117,1678.0,26.8,24.9,26.8,26.8,25.1,0.0,196.4,1.0,0.0,0.0,1.0,0.1139,0.0,23.1,0.1139,0.0,0.0,0.0,0.0,0.0
118,1691.0,26.8,24.9,26.8,26.8,25.1,0.0,196.4,1.0,0.0,0.0,1.0,0.1139,0.0,23.1,0.1139,0.0,0.0,0.0,0.0,0.0
119,1704.0,26.8,24.9,26.8,26.8,25.1,0.0,196.4,1.0,0.0,0.0,1.0,0.1139,0.0,23.1,0.1139,0.0,0.0,0.0,0.0,0.0
120,1717.0,26.8,24.9,26.8,26.8,25.1,0.0,196.4,1.0,0.0,0.0,1.0,0.1139,0.0,23.1,0.1139,0.0,0.0,0.0,0.0,0.0
121,1730.0,26.8,24.9,26.8,26.8,25.1,0.0,196.4,1.0,0.0,0.0,1.0,0.1139,0.0,23.1,0.1139,0.0,0.0,0.0,0.0,0.0
122,1743.0,26.8,24.9,26.8,26.5,25.1,0.0,196.4,1.0,0.0,0.0,1.0,0.1139,0.0,23.1,0.1139,0.0,0.0,0.0,0.0,0.0
123,1756.0,26.8,24.9,26.8,26.8,25.1,0.0,196.4,1.0,0.0,0.0,1.0,0.1139,0.0,23.1,0.1139,0.0,0.0,0.0,0.0,0.0
124,1769.0,26.8,24.9,26.8,26.8,25.1,0.0,196.4,1.0,0.0,0.0,1.0,0.1139,0.0,23.1,0.1139,0.0,0.0,0.0,0.0,0.0
125,1782.0,26.8,24.9,27.0,26.5,25.1,0.0,196.4,1.0,0.0,0.0,1.0,0.1139,0.0,23.1,0.1139,0.0,0.0,0.0,0.0,0.0
126,1795.0,26.8,24.9,26.8,26.5,25.1,0.0,196.4,1.0,0.0,0.0,1.0,0.1139,0.0,23.1,0.1139,0.0,0.0,0.0,0.0,0.0
127,1808.0,26.8,24.9,27.0,26.8,25.1,0.0,196.4,1.0,0.0,0.0,1.0,0.1139,0.0,23.1,0.1139,0.0,0.0,0.0,0.0,0.0
128,1821.0,26.8,24.9,26.8,26.8,25.1,0.0,196.4,1.0,0.0,0.0,1.0,0.1139,0.0,23.1,0.1139,0.0,0.0,0.0,0.0,0.0
129,1834.0,26.8,24.9,26.8,26.8,25.1,0.0,196.4,1.0,0.0,0.0,1.0,0.1139,0.0,23.1,0.1139,0.0,0.0,0.0,0.0,0.0
130,1847.0,26.8,24.9,26.8,26.5,25.1,0.0,196.4,1.0,0.0,0.0,1.0,0.1139,0.0,23.1,0.1139,0.0,0.0,0.0,0.0,0.0
131,1860.0,26.8,24.9,26.8,26.8,25.1,0.0,196.4,1.0,0.0,0.0,1.0,0.1139,0.0,23.1,0.1139,0.0,0.0,0.0,0.0,0.0
132,1873.0,26.8,24.9,26.8,26.8,25.1,0.0,196.4,1.0,0.0,0.0,1.0,0.1139,0.0,23.1,0.1139,0.0,0.0,0.0,0.0,0.0
133,1886.0,26.8,24.9,27.0,26.8,25.1,0.0,196.4,1.0,0.0,0.0,1.0,0.1139,0.0,23.3,0.1139,0.0,0.0,0.0,0.0,0.0
134,1899.0,26.8,24.9,26.8,26.8,25.1,0.0,196.4,1.0,0.0,0.0,1.0,0.1139,0.0,23.1,0.1139,0.0,0.0,0.0,0.0,0.0
135,1912.0,26.8,24.9,26.8,26.5,25.1,0.0,196.4,1.0,0.0,0.0,1.0,0.1139,0.0,23.1,0.1139,0.0,0.0,0.0,0.0,0.0
136,1925.0,26.8,24.9,26.8,26.8,25.1,0.0,196.4,1.0,0.0,0.0,1.0,0.1139,0.0,23.3,0.1139,0.0,0.0,0.0,0.0,0.0
137,1938.0,26.8,24.9,27.0,26.8,25.1,0.0,196.4,1.0,0.0,0.0,1.0,0.1139,0.0,23.1,0.1139,0.0,0.0,0.0,0.0,0.0
138,1951.0,26.8,24.9,26.8,26.8,25.1,0.0,196.4,1.0,0.0,0.0,1.0,0.1139,0.0,23.1,0.1139,0.0,0.0,0.0,0.0,0.0
139,1964.0,26.8,24.9,26.8,26.8,25.1,0.0,196.4,1.0,0.0,0.0,1.0,0.1139,0.0,23.1,0.1139,0.0,0.0,0.0,0.0,0.0
140,1977.0,26.8,24.9,27.0,26.8,25.1,0.0,196.4,1.0,0.0,0.0,1.0,0.1139,0.0,23.1,0.1139,0.0,0.0,0.0,0.0,0.0
141,1990.0,27.0,24.9,26.8,26.8,25.1,0.0,196.4,1.0,0.0,0.0,1.0,0.1139,0.0,23.1,0.1139,0.0,0.0,0.0,0.0,0.0
142,2003.0,27.0,24.9,26.8,26.8,25.1,0.0,196.4,1.0,0.0,0.0,1.0,0.1139,0.0,23.1,0.1139,0.0,0.0,0.0,0.0,0.0
143,2016.0,26.8,24.9,26.8,26.8,25.1,0.0,196.4,1.0,0.0,0.0,1.0,0.1139,0.0,23.1,0.1139,0.0,0.0,0.0,0.0,0.0
144,2029.0,26.8,24.9,26.8,26.8,25.1,0.0,196.4,1.0,0.0,0.0,1.0,0.1139,0.0,23.1,0.1139,0.0,0.0,0.0,0.0,0.0
145,2042.0,26.8,24.9,26.8,26.5,25.1,0.0,196.4,1.0,0.0,0.0,1.0,0.1139,0.0,23.1,0.1139,0.0,0.0,0.0,0.0,0.0
146,2055.0,26.8,24.9,26.8,26.5,25.1,0.0,196.4,1.0,0.0,0.0,1.0,0.1139,0.0,23.1,0.1139,0.0,0.0,0.0,0.0,0.0
147,2068.0,26.8,24.9,26.8,26.5,25.1,0.0,196.4,1.0,0.0,0.0,1.0,0.1139,0.0,23.1,0.1139,0.0,0.0,0.0,0.0,0.0
148,2081.0,26.8,24.9,26.8,26.5,25.1,0.0,196.4,1.0,0.0,0.0,1.0,0.1139,0.0,23.1,0.1139,0.0,0.0,0.0,0.0,0.0
149,2094.0,26.8,24.9,27.0,26.5,25.1,0.0,196.4,1.0,0.0,0.0,1.0,0.1139,0.0,23.1,0.1139,0.0,0.0,0.0,0.0,0.0
150,2107.0,26.8,24.9,27.0,26.8,25.1,0.0,196.4,1.0,0.0,0.0,1.0,0.1139,0.0,23.1,0.1139,0.0,0.0,0.0,0.0,0.0
151,2120.0,26.8,24.9,26.8,26.5,25.1,0.0,196.4,1.0,0.0,0.0,1.0,0.1139,0.0,23.1,0.1139,0.0,0.0,0.0,0.0,0.0
152,2133.0,26.8,24.9,27.0,26.8,25.1,0.0,196.4,1.0,0.0,0.0,1.0,0.1139,0.0,23.1,0.1139,0.0,0.0,0.0,0.0,0.0
153,2146.0,26.8,24.9,26.8,26.5,25.1,0.0,196.4,1.0,0.0,0.0,1.0,0.1139,0.0,23.1,0.1139,0.0,0.0,0.0,0.0,0.0
154,2159.0,26.8,24.9,26.8,26.8,25.1,0.0,196.4,1.0,0.0,0.0,1.0,0.1139,0.0,23.1,0.1139,0.0,0.0,0.0,0.0,0.0
155,2172.0,26.8,24.9,26.8,26.8,25.1,0.0,196.4,1.0,0.0,0.0,1.0,0.1139,0.0,23.1,0.1139,0.0,0.0,0.0,0.0,0.0
156,2185.0,26.8,24.9,27.0,26.8,25.1,0.0,196.4,1.0,0.0,0.0,1.0,0.1139,0.0,23.1,0.1139,0.0,0.0,0.0,0.0,0.0
157,2198.0,26.8,24.9,27.0,26.5,25.1,0.0,196.4,1.0,0.0,0.0,1.0,0.1139,0.0,23.1,0.1139,0.0,0.0,0.0,0.0,0.0
158,2211.0,26.8,24.9,27.0,26.5,25.1,0.0,196.4,1.0,0.0,0.0,1.0,0.1139,0.0,23.1,0.1139,0.0,0.0,0.0,0.0,0.0
159,2224.0,26.8,24.9,26.8,26.5,25.1,0.0,196.4,1.0,0.0,0.0,1.0,0.1139,0.0,23.1,0.1139,0.0,0.0,0.0,0.0,0.0
160,2237.0,26.8,24.9,26.8,26.5,25.1,0.0,196.4,1.0,0.0,0.0,1.0,0.1139,0.0,23.3,0.1139,0.0,0.0,0.0,0.0,0.0
161,2250.0,26.8,24.9,27.0,26.8,25.1,0.0,196.4,1.0,0.0,0.0,1.0,0.1139,0.0,23.6,0.1139,0.0,0.0,0.0,0.0,0.0
162,2263.0,26.8,24.9,26.8,26.8,25.1,0.0,196.4,1.0,0.0,0.0,1.0,0.1139,0.0,23.6,0.1139,0.0,0.0,0.0,0.0,0.0
163,2276.0,26.8,24.9,26.8,26.8,25.1,0.0,196.4,1.0,0.0,0.0,1.0,0.1139,0.0,23.6,0.1139,0.0,0.0,0.0,0.0,0.0
164,2289.0,26.8,24.9,26.8,26.5,25.1,0.0,196.4,1.0,0.0,0.0,1.0,0.1139,0.0,23.8,0.1139,0.0,0.0,0.0,0.0,0.0
165,2302.0,26.8,24.9,27.0,26.8,25.1,0.0,196.4,1.0,0.0,0.0,1.0,0.1139,0.0,23.8,0.1139,0.0,0.0,0.0,0.0,0.0
166,2315.0,26.8,24.9,27.0,26.8,25.1,0.0,196.4,1.0,0.0,0.0,1.0,0.1139,0.0,23.3,0.1139,0.0,0.0,0.0,0.0,0.0
167,2328.0,26.8,24.9,26.8,26.8,25.1,0.0,196.4,1.0,0.0,0.0,1.0,0.1139,0.0,23.1,0.1139,0.0,0.0,0.0,0.0,0.0
168,2341.0,26.8,24.9,26.8,26.5,25.1,0.0,196.4,1.0,0.0,0.0,1.0,0.1139,0.0,22.9,0.1139,0.0,0.0,0.0,0.0,0.0
169,2354.0,26.8,24.9,26.8,26.5,25.1,0.0,196.4,1.0,0.0,0.0,1.0,0.1139,0.0,22.9,0.1139,0.0,0.0,0.0,0.0,0.0
170,2367.0,26.8,24.9,27.0,26.8,25.1,0.0,196.4,1.0,0.0,0.0,1.0,0.1139,0.0,22.9,0.1139,0.0,0.0,0.0,0.0,0.0
171,2380.0,26.8,24.9,26.8,26.8,25.1,0.0,196.4,1.0,0.0,0.0,1.0,0.1139,0.0,22.9,0.1139,0.0,0.0,0.0,0.0,0.0
172,2393.0,26.8,24.9,26.8,26.8,25.1,0.0,196.4,1.0,0.0,0.0,1.0,0.1139,0.0,22.9,0.1139,0.0,0.0,0.0,0.0,0.0
173,2406.0,26.8,24.9,27.0,26.8,25.1,0.0,196.4,1.0,0.0,0.0,1.0,0.1139,0.0,22.9,0.1139,0.0,0.0,0.0,0.0,0.0
174,2419.0,26.8,24.9,26.8,26.8,25.1,0.0,196.4,1.0,0.0,0.0,1.0,0.1139,0.0,22.9,0.1139,0.0,0.0,0.0,0.0,0.0
175,2432.0,26.8,24.9,26.8,26.8,25.1,0.0,196.4,1.0,0.0,0.0,1.0,0.1139,0.0,22.9,0.1139,0.0,0.0,0.0,0.0,0.0
176,2445.0,27.0,24.9,26.8,26.5,25.1,0.0,196.4,1.0,0.0,0.0,1.0,0.1139,0.0,22.9,0.1139,0.0,0.0,0.0,0.0,0.0
177,2458.0,26.8,24.9,26.8,26.8,25.1,0.0,196.4,1.0,0.0,0.0,1.0,0.1139,0.0,22.9,0.1139,0.0,0.0,0.0,0.0,0.0
178,2471.0,26.8,24.9,26.8,26.8,25.1,0.0,196.4,1.0,0.0,0.0,1.0,0.1139,0.0,22.6,0.1139,0.0,0.0,0.0,0.0,0.0
179,2484.0,26.8,24.9,26.8,26.8,25.1,0.0,196.4,1.0,0.0,0.0,1.0,0.1139,0.0,22.6,0.1139,0.0,0.0,0.0,0.0,0.0
180,2497.0,26.8,24.9,26.8,26.8,25.1,0.0,196.4,1.0,0.0,0.0,1.0,0.1139,0.0,22.6,0.1139,0.0,0.0,0.0,0.0,0.0
181,2510.0,26.8,24.9,26.8,26.5,25.1,0.0,196.4,1.0,0.0,0.0,1.0,0.1139,0.0,22.6,0.1139,0.0,0.0,0.0,0.0,0.0
182,2523.0,26.8,24.9,26.8,26.8,25.1,0.0,196.4,1.0,0.0,0.0,1.0,0.1139,0.0,22.6,0.1139,0.0,0.0,0.0,0.0,0.0
183,2536.0,26.8,24.9,26.8,26.8,25.1,0.0,196.4,1.0,0.0,0.0,1.0,0.1139,0.0,22.6,0.1139,0.0,0.0,0.0,0.0,0.0
184,2549.0,26.8,24.9,26.8,26.8,25.1,0.0,196.4,1.0,0.0,0.0,1.0,0.1139,0.0,22.6,0.1139,0.0,0.0,0.0,0.0,0.0
185,2562.0,26.8,24.9,26.8,26.8,25.1,0.0,196.4,1.0,0.0,0.0,1.0,0.1139,0.0,22.6,0.1139,0.0,0.0,0.0,0.0,0.0
186,2575.0,26.8,24.9,26.8,26.8,25.1,0.0,196.4,1.0,0.0,0.0,1.0,0.1139,0.0,22.6,0.1139,0.0,0.0,0.0,0.0,0.0
187,2588.0,26.8,24.9,26.8,26.8,25.1,0.0,196.4,1.0,0.0,0.0,1.0,0.1139,0.0,22.6,0.1139,0.0,0.0,0.0,0.0,0.0
188,2601.0,26.8,24.9,26.8,26.8,25.1,0.0,196.4,1.0,0.0,0.0,1.0,0.1139,0.0,22.6,0.1139,0.0,0.0,0.0,0.0,0.0
189,2614.0,26.8,24.9,26.8,26.8,25.1,0.0,196.4,1.0,0.0,0.0,1.0,0.1139,0.0,22.6,0.1139,0.0,0.0,0.0,0.0,0.0
190,2627.0,26.8,24.9,26.8,26.8,25.1,0.0,196.4,1.0,0.0,0.0,1.0,0.1139,0.0,22.6,0.1139,0.0,0.0,0.0,0.0,0.0
191,2640.0,26.8,24.9,26.8,26.8,25.1,0.0,196.4,1.0,0.0,0.0,1.0,0.1139,0.0,22.6,0.1139,0.0,0.0,0.0,0.0,0.0
192,2653.0,26.8,24.9,27.0,26.8,25.1,0.0,196.4,1.0,0.0,0.0,1.0,0.1139,0.0,22.6,0.1139,0.0,0.0,0.0,0.0,0.0
193,2666.0,26.8,24.9,26.8,26.8,25.1,0.0,196.4,1.0,0.0,0.0,1.0,0.1139,0.0,22.6,0.1139,0.0,0.0,0.0,0.0,0.0
194,2679.0,26.8,24.9,26.8,26.8,25.1,0.0,196.4,1.0,0.0,0.0,1.0,0.1139,0.0,22.6,0.1139,0.0,0.0,0.0,0.0,0.0
195,2692.0,26.8,24.9,26.8,26.8,25.1,0.0,196.4,1.0,0.0,0.0,1.0,0.1139,0.0,22.6,0.1139,0.0,0.0,0.0,0.0,0.0
196,2705.0,26.8,24.9,26.8,26.8,25.1,0.0,196.4,1.0,0.0,0.0,1.0,0.1139,0.0,22.4,0.1139,0.0,0.0,0.0,0.0,0.0
197,2718.0,26.8,24.9,27.0,26.8,25.1,0.0,196.4,1.0,0.0,0.0,1.0,0.1139,0.0,22.2,0.1139,0.0,0.0,0.0,0.0,0.0
198,2731.0,26.8,24.9,26.8,26.8,25.1,0.0,196.4,1.0,0.0,0.0,1.0,0.1139,0.0,22.4,0.1139,0.0,0.0,0.0,0.0,0.0
199,2744.0,26.8,24.9,26.8,26.8,25.1,0.0,196.4,1.0,0.0,0.0,1.0,0.1139,0.0,22.6,0.1139,0.0,0.0,0.0,0.0,0.0
200,2757.0,26.8,24.9,26.8,26.8,25.1,0.0,196.4,1.0,0.0,0.0,1.0,0.1139,0.0,22.6,0.1139,0.0,0.0,0.0,0.0,0.0
201,2770.0,26.8,24.9,26.8,26.8,25.1,0.0,196.4,1.0,0.0,0.0,1.0,0.1139,0.0,22.6,0.1139,0.0,0.0,0.0,0.0,0.0
202,2783.0,26.8,24.9,26.8,26.8,25.1,0.0,196.4,1.0,0.0,0.0,1.0,0.1139,0.0,22.6,0.1139,0.0,0.0,0.0,0.0,0.0
203,2796.0,26.8,24.9,26.8,26.8,25.1,0.0,196.4,1.0,0.0,0.0,1.0,0.1139,0.0,22.6,0.1139,0.0,0.0,0.0,0.0,0.0
204,2809.0,26.8,24.9,26.8,26.8,25.1,0.0,196.4,1.0,0.0,0.0,1.0,0.1139,0.0,22.9,0.1139,0.0,0.0,0.0,0.0,0.0
205,2822.0,26.8,24.9,26.8,26.8,25.1,0.0,196.4,1.0,0.0,0.0,1.0,0.1139,0.0,22.9,0.1139,0.0,0.0,0.0,0.0,0.0
206,2835.0,26.8,24.9,26.8,26.8,25.1,0.0,196.4,1.0,0.0,0.0,1.0,0.1139,0.0,22.9,0.1139,0.0,0.0,0.0,0.0,0.0
207,2848.0,26.8,24.9,26.8,26.8,25.1,0.0,196.4,1.0,0.0,0.0,1.0,0.1139,0.0,22.9,0.1139,0.0,0.0,0.0,0.0,0.0
208,2861.0,26.8,24.9,26.8,26.5,25.1,0.0,196.4,1.0,0.0,0.0,1.0,0.1139,0.0,22.9,0.1139,0.0,0.0,0.0,0.0,0.0
209,2874.0,26.8,24.9,26.8,26.8,25.1,0.0,196.4,1.0,0.0,0.0,1.0,0.1139,0.0,22.9,0.1139,0.0,0.0,0.0,0.0,0.0
210,2887.0,26.8,24.9,27.0,26.8,25.1,0.0,196.4,1.0,0.0,0.0,1.0,0.1139,0.0,22.9,0.1139,0.0,0.0,0.0,0.0,0.0
211,2900.0,26.8,24.9,26.8,26.5,25.1,0.0,196.4,1.0,0.0,0.0,1.0,0.1139,0.0,22.9,0.1139,0.0,0.0,0.0,0.0,0.0
212,2913.0,26.8,24.9,26.8,26.5,25.1,0.0,196.4,1.0,0.0,0.0,1.0,0.1139,0.0,22.9,0.1139,0.0,0.0,0.0,0.0,0.0
213,2926.0,26.8,24.9,26.8,26.5,25.1,0.0,196.4,1.0,0.0,0.0,1.0,0.1139,0.0,22.9,0.1139,0.0,0.0,0.0,0.0,0.0
214,2939.0,26.8,24.9,26.8,26.8,25.1,0.0,196.4,1.0,0.0,0.0,1.0,0.1139,0.0,22.9,0.1139,0.0,0.0,0.0,0.0,0.0
215,2952.0,26.8,24.9,26.8,26.8,25.1,0.0,196.4,1.0,0.0,0.0,1.0,0.1139,0.0,22.9,0.1139,0.0,0.0,0.0,0.0,0.0
216,2965.0,26.8,24.9,26.8,26.5,25.1,0.0,196.4,1.0,0.0,0.0,1.0,0.1139,0.0,22.9,0.1139,0.0,0.0,0.0,0.0,0.0
217,2978.0,26.8,24.9,26.8,26.8,25.1,0.0,196.4,1.0,0.0,0.0,1.0,0.1139,0.0,22.9,0.1139,0.0,0.0,0.0,0.0,0.0
218,2991.0,26.8,24.9,26.8,26.8,25.1,0.0,196.4,1.0,0.0,0.0,1.0,0.1139,0.0,22.9,0.1139,0.0,0.0,0.0,0.0,0.0
219,3004.0,26.8,24.9,26.8,26.5,25.1,0.0,196.4,1.0,0.0,0.0,1.0,0.1139,0.0,22.9,0.1139,0.0,0.0,0.0,0.0,0.0
220,3017.0,26.8,24.9,26.8,26.8,25.1,0.0,196.4,1.0,0.0,0.0,1.0,0.1139,0.0,22.9,0.1139,0.0,0.0,0.0,0.0,0.0
221,3030.0,26.8,24.9,26.8,26.5,25.1,0.0,196.4,1.0,0.0,0.0,1.0,0.1139,0.0,22.9,0.1139,0.0,0.0,0.0,0.0,0.0
222,3043.0,26.8,24.9,26.8,26.5,25.1,0.0,196.4,1.0,0.0,0.0,1.0,0.1139,0.0,22.9,0.1139,0.0,0.0,0.0,0.0,0.0
223,3056.0,26.8,24.9,26.8,26.8,25.1,0.0,196.4,1.0,0.0,0.0,1.0,0.1139,0.0,22.9,0.1139,0.0,0.0,0.0,0.0,0.0
224,3069.0,26.8,24.9,26.8,26.8,25.1,0.0,196.4,1.0,0.0,0.0,1.0,0.1139,0.0,22.9,0.1139,0.0,0.0,0.0,0.0,0.0
225,3082.0,26.8,24.9,26.8,26.8,25.1,0.0,196.4,1.0,0.0,0.0,1.0,0.1139,0.0,22.9,0.1139,0.0,0.0,0.0,0.0,0.0
226,3095.0,26.8,24.9,26.8,26.5,25.1,0.0,196.4,1.0,0.0,0.0,1.0,0.1139,0.0,22.9,0.1139,0.0,0.0,0.0,0.0,0.0
227,3108.0,26.8,24.9,26.8,26.8,25.1,0.0,196.4,1.0,0.0,0.0,1.0,0.1139,0.0,22.9,0.1139,0.0,0.0,0.0,0.0,0.0
228,3121.0,26.8,24.9,26.8,26.8,25.1,0.0,196.4,1.0,0.0,0.0,1.0,0.1139,0.0,22.9,0.1139,0.0,0.0,0.0,0.0,0.0
229,3134.0,26.8,24.9,26.8,26.8,25.1,0.0,196.4,1.0,0.0,0.0,1.0,0.1139,0.0,22.9,0.1139,0.0,0.0,0.0,0.0,0.0
230,3147.0,26.8,24.9,26.8,26.8,25.1,0.0,196.4,1.0,0.0,0.0,1.0,0.1139,0.0,22.9,0.1139,0.0,0.0,0.0,0.0,0.0
231,3160.0,26.8,24.9,26.8,26.8,25.1,0.0,196.4,1.0,0.0,0.0,1.0,0.1139,0.0,22.9,0.1139,0.0,0.0,0.0,0.0,0.0
232,3173.0,26.8,24.9,26.8,26.5,25.1,0.0,196.4,1.0,0.0,0.0,1.0,0.1139,0.0,22.9,0.1139,0.0,0.0,0.0,0.0,0.0
233,3186.0,26.8,24.9,26.8,26.5,25.1,0.0,196.4,1.0,0.0,0.0,1.0,0.1139,0.0,22.9,0.1139,0.0,0.0,0.0,0.0,0.0
234,3199.0,26.8,24.9,26.8,26.8,25.1,0.0,196.4,1.0,0.0,0.0,1.0,0.1139,0.0,22.9,0.1139,0.0,0.0,0.0,0.0,0.0
235,3212.0,26.8,24.9,26.8,26.5,25.1,0.0,196.4,1.0,0.0,0.0,1.0,0.1139,0.0,22.9,0.1139,0.0,0.0,0.0,0.0,0.0
236,3225.0,26.8,24.9,26.8,26.8,25.1,0.0,196.4,1.0,0.0,0.0,1.0,0.1139,0.0,22.9,0.1139,0.0,0.0,0.0,0.0,0.0
237,3238.0,26.8,24.9,26.8,26.8,25.1,0.0,196.4,1.0,0.0,0.0,1.0,0.1139,0.0,22.9,0.1139,0.0,0.0,0.0,0.0,0.0
238,3251.0,26.8,24.9,26.8,26.5,25.1,0.0,196.4,1.0,0.0,0.0,1.0,0.1139,0.0,22.9,0.1139,0.0,0.0,0.0,0.0,0.0
239,3264.0,26.8,24.9,26.8,26.5,25.1,0.0,196.4,1.0,0.0,0.0,1.0,0.1139,0.0,22.9,0.1139,0.0,0.0,0.0,0.0,0.0
240,3277.0,26.8,24.9,26.8,26.5,25.1,0.0,196.4,1.0,0.0,0.0,1.0,0.1139,0.0,22.9,0.1139,0.0,0.0,0.0,0.0,0.0
241,3290.0,26.8,24.9,26.8,26.5,25.1,0.0,196.4,1.0,0.0,0.0,1.0,0.1139,0.0,22.9,0.1139,0.0,0.0,0.0,0.0,0.0
242,3303.0,26.8,24.9,26.8,26.5,25.1,0.0,196.4,1.0,0.0,0.0,1.0,0.1139,0.0,22.9,0.1139,0.0,0.0,0.0,0.0,0.0
243,3316.0,26.8,24.9,26.8,26.8,25.1,0.0,196.4,1.0,0.0,0.0,1.0,0.1139,0.0,22.9,0.1139,0.0,0.0,0.0,0.0,0.0
244,3329.0,26.8,24.9,26.8,26.8,25.1,0.0,196.4,1.0,0.0,0.0,1.0,0.1139,0.0,22.9,0.1139,0.0,0.0,0.0,0.0,0.0
245,3342.0,26.8,24.9,26.8,26.8,25.1,0.0,196.4,1.0,0.0,0.0,1.0,0.1139,0.0,22.9,0.1139,0.0,0.0,0.0,0.0,0.0
246,3355.0,26.8,24.9,26.8,26.8,25.1,0.0,196.4,1.0,0.0,0.0,1.0,0.1139,0.0,22.9,0.1139,0.0,0.0,0.0,0.0,0.0
247,3368.0,26.8,24.9,26.8,26.5,25.1,0.0,196.4,1.0,0.0,0.0,1.0,0.1139,0.0,22.9,0.1139,0.0,0.0,0.0,0.0,0.0
248,3381.0,26.8,24.9,26.8,26.8,25.1,0.0,196.4,1.0,0.0,0.0,1.0,0.1139,0.0,22.9,0.1139,0.0,0.0,0.0,0.0,0.0
249,3394.0,26.8,24.9,26.8,26.8,25.1,0.0,196.4,1.0,0.0,0.0,1.0,0.1139,0.0,22.9,0.1139,0.0,0.0,0.0,0.0,0.0
250,3407.0,26.8,24.9,26.8,26.5,25.1,0.0,196.4,1.0,0.0,0.0,1.0,0.1139,0.0,22.9,0.1139,0.0,0.0,0.0,0.0,0.0
251,3420.0,26.8,24.9,26.8,26.5,25.1,0.0,196.4,1.0,0.0,0.0,1.0,0.1139,0.0,22.9,0.1139,0.0,0.0,0.0,0.0,0.0
252,3433.0,26.8,24.9,26.8,26.5,25.1,0.0,196.4,1.0,0.0,0.0,1.0,0.1139,0.0,22.9,0.1139,0.0,0.0,0.0,0.0,0.0
253,3446.0,26.8,24.9,26.8,26.8,25.1,0.0,196.4,1.0,0.0,0.0,1.0,0.1139,0.0,22.9,0.1139,0.0,0.0,0.0,0.0,0.0
254,3459.0,26.8,24.9,26.8,26.8,25.1,0.0,196.4,1.0,0.0,0.0,1.0,0.1139,0.0,22.9,0.1139,0.0,0.0,0.0,0.0,0.0
255,3472.0,26.8,24.9,26.8,26.8,25.1,0.0,196.4,1.0,0.0,0.0,1.0,0.1139,0.0,22.9,0.1139,0.0,0.0,0.0,0.0,0.0
256,3485.0,26.8,24.9,26.8,26.8,25.1,0.0,196.4,1.0,0.0,0.0,1.0,0.1139,0.0,22.9,0.1139,0.0,0.0,0.0,0.0,0.0
257,3498.0,26.8,24.9,26.8,26.8,25.1,0.0,196.4,1.0,0.0,0.0,1.0,0.1139,0.0,22.9,0.1139,0.0,0.0,0.0,0.0,0.0
258,3511.0,26.8,24.9,26.8,26.5,25.1,0.0,196.4,1.0,0.0,0.0,1.0,0.1139,0.0,22.9,0.1139,0.0,0.0,0.0,0.0,0.0
259,3524.0,26.8,24.9,26.8,26.8,25.1,0.0,196.4,1.0,0.0,0.0,1.0,0.1139,0.0,22.9,0.1139,0.0,0.0,0.0,0.0,0.0
260,3537.0,26.8,24.9,26.8,26.8,25.1,0.0,196.4,1.0,0.0,0.0,1.0,0.1139,0.0,22.9,0.1139,0.0,0.0,0.0,0.0,0.0
261,3550.0,26.8,24.9,26.8,26.5,25.1,0.0,196.4,1.0,0.0,0.0,1.0,0.1139,0.0,22.9,0.1139,0.0,0.0,0.0,0.0,0.0
262,3563.0,26.8,24.9,26.8,26.8,25.1,0.0,196.4,1.0,0.0,0.0,1.0,0.1139,0.0,22.9,0.1139,0.0,0.0,0.0,0.0,0.0
263,3576.0,26.8,24.9,26.8,26.8,25.1,0.0,196.4,1.0,0.0,0.0,1.0,0.1139,0.0,22.9,0.1139,0.0,0.0,0.0,0.0,0.0
264,3589.0,26.8,24.9,26.8,26.8,25.1,0.0,196.4,1.0,0.0,0.0,1.0,0.1139,0.0,22.9,0.1139,0.0,0.0,0.0,0.0,0.0
265,3602.0,26.8,24.9,26.8,26.8,25.1,0.0,196.4,1.0,0.0,0.0,1.0,0.1139,0.0,22.9,0.1139,0.0,0.0,0.0,0.0,0.0
266,3615.0,26.8,24.9,26.8,26.8,25.1,0.0,196.4,1.0,0.0,0.0,1.0,0.1139,0.0,22.9,0.1139,0.0,0.0,0.0,0.0,0.0
267,3628.0,26.8,24.9,26.8,26.8,25.1,0.0,196.4,1.0,0.0,0.0,1.0,0.1139,0.0,22.9,0.1139,0.0,0.0,0.0,0.0,0.0
268,3641.0,26.8,24.9,26.8,26.8,25.1,0.0,196.4,1.0,0.0,0.0,1.0,0.1139,0.0,22.9,0.1139,0.0,0.0,0.0,0.0,0.0
269,3654.0,26.8,24.9,26.8,26.5,25.1,0.0,196.4,1.0,0.0,0.0,1.0,0.1139,0.0,22.9,0.1139,0.0,0.0,0.0,0.0,0.0
270,3667.0,26.8,24.9,26.8,26.8,25.1,0.0,196.4,1.0,0.0,0.0,1.0,0.1139,0.0,22.9,0.1139,0.0,0.0,0.0,0.0,0.0
271,3680.0,26.8,24.9,26.8,26.8,25.1,0.0,196.4,1.0,0.0,0.0,1.0,0.1139,0.0,22.9,0.1139,0.0,0.0,0.0,0.0,0.0
272,3693.0,26.8,24.9,26.8,26.5,25.1,0.0,196.4,1.0,0.0,0.0,1.0,0.1139,0.0,22.9,0.1139,0.0,0.0,0.0,0.0,0.0
273,3706.0,26.8,24.9,26.8,26.5,25.1,0.0,196.4,1.0,0.0,0.0,1.0,0.1139,0.0,22.9,0.1139,0.0,0.0,0.0,0.0,0.0
274,3719.0,26.8,24.9,26.8,26.5,25.1,0.0,196.4,1.0,0.0,0.0,1.0,0.1139,0.0,22.9,0.1139,0.0,0.0,0.0,0.0,0.0
275,3732.0,27.0,24.9,26.8,26.5,25.1,0.0,196.4,1.0,0.0,0.0,1.0,0.1139,0.0,22.9,0.1139,0.0,0.0,0.0,0.0,0.0
276,3745.0,26.8,24.9,26.8,26.8,25.1,0.0,196.4,1.0,0.0,0.0,1.0,0.1139,0.0,22.9,0.1139,0.0,0.0,0.0,0.0,0.0
277,3758.0,26.8,24.9,26.8,26.5,25.1,0.0,196.4,1.0,0.0,0.0,1.0,0.1139,0.0,22.9,0.1139,0.0,0.0,0.0,0.0,0.0
278,3771.0,26.8,24.9,26.8,26.5,25.1,0.0,196.4,1.0,0.0,0.0,1.0,0.1139,0.0,22.9,0.1139,0.0,0.0,0.0,0.0,0.0
279,3784.0,26.8,24.9,26.8,26.5,25.1,0.0,196.4,1.0,0.0,0.0,1.0,0.1139,0.0,22.9,0.1139,0.0,0.0,0.0,0.0,0.0
280,3797.0,26.8,24.9,26.8,26.5,25.1,0.0,196.4,1.0,0.0,0.0,1.0,0.1139,0.0,22.9,0.1139,0.0,0.0,0.0,0.0,0.0
281,3810.0,26.8,24.9,26.8,26.5,25.1,0.0,196.4,1.0,0.0,0.0,1.0,0.1139,0.0,22.9,0.1139,0.0,0.0,0.0,0.0,0.0
282,3823.0,26.8,24.9,26.8,26.5,25.1,0.0,196.4,1.0,0.0,0.0,1.0,0.1139,0.0,22.9,0.1139,0.0,0.0,0.0,0.0,0.0
283,3836.0,26.8,24.9,26.8,26.5,25.1,0.0,196.4,1.0,0.0,0.0,1.0,0.1139,0.0,22.9,0.1139,0.0,0.0,0.0,0.0,0.0
284,3849.0,26.8,24.9,26.8,26.5,25.1,0.0,196.4,1.0,0.0,0.0,1.0,0.1139,0.0,22.9,0.1139,0.0,0.0,0.0,0.0,0.0
285,3862.0,26.8,24.9,26.8,26.8,25.1,0.0,196.4,1.0,0.0,0.0,1.0,0.1139,0.0,22.9,0.1139,0.0,0.0,0.0,0.0,0.0
286,3875.0,26.8,24.9,27.0,26.8,25.1,0.0,196.4,1.0,0.0,0.0,1.0,0.1139,0.0,22.9,0.1139,0.0,0.0,0.0,0.0,0.0
287,3888.0,26.8,24.9,26.8,26.8,25.1,0.0,196.4,1.0,0.0,0.0,1.0,0.1139,0.0,22.9,0.1139,0.0,0.0,0.0,0.0,0.0
288,3901.0,26.8,24.9,26.8,26.5,25.1,0.0,196.4,1.0,0.0,0.0,1.0,0.1139,0.0,22.9,0.1139,0.0,0.0,0.0,0.0,0.0
289,3914.0,26.8,24.9,26.8,26.5,25.1,0.0,196.4,1.0,0.0,0.0,1.0,0.1139,0.0,22.9,0.1139,0.0,0.0,0.0,0.0,0.0
290,3927.0,26.8,24.9,26.8,26.8,25.1,0.0,196.4,1.0,0.0,0.0,1.0,0.1139,0.0,22.9,0.1139,0.0,0.0,0.0,0.0,0.0
291,3940.0,26.8,24.9,26.8,26.8,25.1,0.0,196.4,1.0,0.0,0.0,1.0,0.1139,0.0,22.9,0.1139,0.0,0.0,0.0,0.0,0.0
292,3953.0,26.8,24.9,26.8,26.5,25.1,0.0,196.4,1.0,0.0,0.0,1.0,0.1139,0.0,22.9,0.1139,0.0,0.0,0.0,0.0,0.0
293,3966.0,26.8,24.9,26.8,26.8,25.1,0.0,196.4,1.0,0.0,0.0,1.0,0.1139,0.0,22.9,0.1139,0.0,0.0,0.0,0.0,0.0
294,3979.0,26.8,24.9,26.8,26.5,25.1,0.0,196.4,1.0,0.0,0.0,1.0,0.1139,0.0,22.9,0.1139,0.0,0.0,0.0,0.0,0.0
295,3992.0,26.8,24.9,26.8,26.8,25.1,0.0,196.4,1.0,0.0,0.0,1.0,0.1139,0.0,22.9,0.1139,0.0,0.0,0.0,0.0,0.0
296,4005.0,26.8,24.9,26.8,26.8,25.1,0.0,196.4,1.0,0.0,0.0,1.0,0.1139,0.0,22.9,0.1139,0.0,0.0,0.0,0.0,0.0
297,4018.0,26.8,24.9,26.8,26.5,25.1,0.0,196.4,1.0,0.0,0.0,1.0,0.1139,0.0,22.9,0.1139,0.0,0.0,0.0,0.0,0.0
298,4031.0,26.8,24.9,26.8,26.8,25.1,0.0,196.4,1.0,0.0,0.0,1.0,0.1139,0.0,22.9,0.1139,0.0,0.0,0.0,0.0,0.0
299,4044.0,26.8,24.9,26.8,26.8,25.1,0.0,196.4,1.0,0.0,0.0,1.0,0.1139,0.0,22.9,0.1139,0.0,0.0,0.0,0.0,0.0
300,4057.0,26.8,24.9,26.8,26.5,25.1,0.0,196.4,1.0,0.0,0.0,1.0,0.1139,0.0,22.9,0.1139,0.0,0.0,0.0,0.0,0.0
301,4070.0,26.8,24.9,26.8,26.5,25.1,0.0,196.4,1.0,0.0,0.0,1.0,0.1139,0.0,22.9,0.1139,0.0,0.0,0.0,0.0,0.0
302,4083.0,26.8,24.9,26.8,26.8,25.1,0.0,196.4,1.0,0.0,0.0,1.0,0.1139,0.0,22.9,0.1139,0.0,0.0,0.0,0.0,0.0
303,4096.0,26.8,24.9,26.8,26.8,25.1,0.0,196.4,1.0,0.0,0.0,1.0,0.1139,0.0,22.9,0.1139,0.0,0.0,0.0,0.0,0.0
304,4109.0,26.8,24.9,26.8,26.8,25.1,0.0,196.4,1.0,0.0,0.0,1.0,0.1139,0.0,22.9,0.1139,0.0,0.0,0.0,0.0,0.0
305,4122.0,26.8,24.9,26.8,26.5,25.1,0.0,196.4,1.0,0.0,0.0,1.0,0.1139,0.0,22.9,0.1139,0.0,0.0,0.0,0.0,0.0
306,4135.0,26.8,24.9,26.8,26.8,25.1,0.0,196.4,1.0,0.0,0.0,1.0,0.1139,0.0,22.9,0.1139,0.0,0.0,0.0,0.0,0.0
307,4148.0,26.8,24.9,26.8,26.8,25.1,0.0,196.4,1.0,0.0,0.0,1.0,0.1139,0.0,22.9,0.1139,0.0,0.0,0.0,0.0,0.0
308,4161.0,26.8,24.9,26.8,26.8,25.1,0.0,196.4,1.0,0.0,0.0,1.0,0.1139,0.0,22.9,0.1139,0.0,0.0,0.0,0.0,0.0
309,4174.0,26.8,24.9,26.8,26.5,25.1,0.0,196.4,1.0,0.0,0.0,1.0,0.1139,0.0,22.9,0.1139,0.0,0.0,0.0,0.0,0.0
310,4187.0,26.8,24.9,26.8,26.8,25.1,0.0,196.4,1.0,0.0,0.0,1.0,0.1139,0.0,22.9,0.1139,0.0,0.0,0.0,0.0,0.0
311,4200.0,26.8,24.9,26.8,26.5,25.1,0.0,196.4,1.0,0.0,0.0,1.0,0.1139,0.0,22.9,0.1139,0.0,0.0,0.0,0.0,0.0
312,4213.0,26.8,24.9,26.8,26.5,25.1,0.0,196.4,1.0,0.0,0.0,1.0,0.1139,0.0,22.9,0.1139,0.0,0.0,0.0,0.0,0.0
313,4226.0,26.8,24.9,26.8,26.8,25.1,0.0,196.4,1.0,0.0,0.0,1.0,0.1139,0.0,22.9,0.1139,0.0,0.0,0.0,0.0,0.0
314,4239.0,26.8,24.9,26.8,26.8,25.1,0.0,196.4,1.0,0.0,0.0,1.0,0.1139,0.0,22.9,0.1139,0.0,0.0,0.0,0.0,0.0
315,4252.0,26.8,24.9,26.8,26.8,25.1,0.0,196.4,1.0,0.0,0.0,1.0,0.1139,0.0,22.9,0.1139,0.0,0.0,0.0,0.0,0.0
316,4265.0,26.8,24.9,26.8,26.8,25.1,0.0,196.4,1.0,0.0,0.0,1.0,0.1139,0.0,22.9,0.1139,0.0,0.0,0.0,0.0,0.0
317,4278.0,26.8,24.9,26.8,26.5,25.1,0.0,196.4,1.0,0.0,0.0,1.0,0.1139,0.0,22.9,0.1139,0.0,0.0,0.0,0.0,0.0
318,4291.0,26.8,24.9,26.8,26.5,25.1,0.0,196.4,1.0,0.0,0.0,1.0,0.1139,0.0,22.9,0.1139,0.0,0.0,0.0,0.0,0.0
319,4304.0,26.8,24.9,26.8,26.5,25.1,0.0,196.4,1.0,0.0,0.0,1.0,0.1139,0.0,22.9,0.1139,0.0,0.0,0.0,0.0,0.0
320,4317.0,26.8,24.9,26.8,26.8,25.1,0.0,196.4,1.0,0.0,0.0,1.0,0.1139,0.0,22.9,0.1139,0.0,0.0,0.0,0.0,0.0
321,4330.0,26.8,24.9,26.8,26.8,25.1,0.0,196.4,1.0,0.0,0.0,1.0,0.1139,0.0,22.9,0.1139,0.0,0.0,0.0,0.0,0.0
322,4343.0,26.8,24.9,26.8,26.8,25.1,0.0,196.4,1.0,0.0,0.0,1.0,0.1139,0.0,22.9,0.1139,0.0,0.0,0.0,0.0,0.0
323,4356.0,26.8,24.9,26.8,26.5,25.1,0.0,196.4,1.0,0.0,0.0,1.0,0.1139,0.0,22.9,0.1139,0.0,0.0,0.0,0.0,0.0
324,4369.0,26.8,24.9,26.8,26.8,25.1,0.0,196.4,1.0,0.0,0.0,1.0,0.1139,0.0,22.9,0.1139,0.0,0.0,0.0,0.0,0.0
325,4382.0,26.8,24.9,26.8,26.5,25.1,0.0,196.4,1.0,0.0,0.0,1.0,0.1139,0.0,22.9,0.1139,0.0,0.0,0.0,0.0,0.0
326,4395.0,26.8,24.9,26.8,26.5,25.1,0.0,196.4,1.0,0.0,0.0,1.0,0.1139,0.0,22.9,0.1139,0.0,0.0,0.0,0.0,0.0
327,4408.0,26.8,24.9,26.8,26.8,25.1,0.0,196.4,1.0,0.0,0.0,1.0,0.1139,0.0,22.9,0.1139,0.0,0.0,0.0,0.0,0.0
328,4421.0,26.8,24.9,26.8,26.8,25.1,0.0,196.4,1.0,0.0,0.0,1.0,0.1139,0.0,22.9,0.1139,0.0,0.0,0.0,0.0,0.0
329,4434.0,26.8,24.9,26.8,26.5,25.1,0.0,196.4,1.0,0.0,0.0,1.0,0.1139,0.0,23.3,0.1139,0.0,0.0,0.0,0.0,0.0
330,4447.0,26.8,24.9,26.8,26.8,25.1,0.0,196.4,1.0,0.0,0.0,1.0,0.1139,0.0,23.1,0.1139,0.0,0.0,0.0,0.0,0.0
331,4460.0,26.8,24.9,26.8,26.5,25.1,0.0,196.4,1.0,0.0,0.0,1.0,0.1139,0.0,21.9,0.1139,0.0,0.0,0.0,0.0,0.0
332,4473.0,26.8,24.9,26.8,26.5,25.1,0.0,196.4,1.0,0.0,0.0,1.0,0.1139,0.0,21.4,0.1139,0.0,0.0,0.0,0.0,0.0
333,4486.0,26.8,24.9,26.8,26.8,25.1,0.0,196.4,1.0,0.0,0.0,1.0,0.1139,0.0,22.4,0.1139,0.0,0.0,0.0,0.0,0.0
334,4499.0,26.8,24.9,26.8,26.8,25.1,0.0,196.4,1.0,0.0,0.0,1.0,0.1139,0.0,23.3,0.1139,0.0,0.0,0.0,0.0,0.0
335,4512.0,26.8,24.9,26.8,26.5,25.1,0.0,196.4,1.0,0.0,0.0,1.0,0.1139,0.0,23.1,0.1139,0.0,0.0,0.0,0.0,0.0
336,4525.0,26.8,24.9,26.8,26.5,25.1,0.0,196.4,1.0,0.0,0.0,1.0,0.1139,0.0,22.2,0.1139,0.0,0.0,0.0,0.0,0.0
337,4538.0,26.8,24.9,26.8,26.5,25.1,0.0,196.4,1.0,0.0,0.0,1.0,0.1139,0.0,21.4,0.1139,0.0,0.0,0.0,0.0,0.0
338,4551.0,26.8,24.9,26.8,26.8,25.1,0.0,196.4,1.0,0.0,0.0,1.0,0.1139,0.0,21.0,0.1139,0.0,0.0,0.0,0.0,0.0
339,4564.0,26.8,24.9,26.8,26.8,25.1,0.0,196.4,1.0,0.0,0.0,1.0,0.1139,0.0,21.0,0.1139,0.0,0.0,0.0,0.0,0.0
340,4577.0,26.8,24.9,26.8,26.5,25.1,0.0,196.4,1.0,0.0,0.0,1.0,0.1139,0.0,20.7,0.1139,0.0,0.0,0.0,0.0,0.0
341,4590.0,26.8,24.9,26.8,26.8,25.1,0.0,196.4,1.0,0.0,0.0,1.0,0.1139,0.0,20.3,0.1139,0.0,0.0,0.0,0.0,0.0
342,4603.0,26.8,24.9,26.8,26.5,25.1,0.0,196.4,1.0,0.0,0.0,1.0,0.1139,0.0,20.0,0.1139,0.0,0.0,0.0,0.0,0.0
343,4616.0,26.8,24.9,26.8,26.8,25.1,0.0,196.4,1.0,0.0,0.0,1.0,0.1139,0.0,19.6,0.1139,0.0,0.0,0.0,0.0,0.0
344,4629.0,26.8,24.9,26.8,26.8,25.1,0.0,196.4,1.0,0.0,0.0,1.0,0.1139,0.0,19.3,0.1139,0.0,0.0,0.0,0.0,0.0
345,4642.0,26.8,24.9,26.8,26.8,25.1,0.0,196.4,1.0,0.0,0.0,1.0,0.1139,0.0,19.1,0.1139,0.0,0.0,0.0,0.0,0.0
346,4656.0,26.8,24.9,26.8,26.5,25.1,0.0,196.4,1.0,0.0,0.0,1.0,0.1139,0.0,19.1,0.1139,0.0,0.0,0.0,0.0,0.0
347,4669.0,26.8,24.9,26.8,26.8,25.1,0.0,196.4,1.0,0.0,0.0,1.0,0.1139,0.0,19.1,0.1139,0.0,0.0,0.0,0.0,0.0
348,4682.0,26.8,24.9,26.8,26.8,25.1,0.0,196.4,1.0,0.0,0.0,1.0,0.1139,0.0,18.8,0.1139,0.0,0.0,0.0,0.0,0.0
349,4695.0,26.8,24.9,26.8,26.8,25.1,0.0,196.4,1.0,0.0,0.0,1.0,0.1139,0.0,18.8,0.1139,0.0,0.0,0.0,0.0,0.0
350,4708.0,26.8,24.9,26.8,26.8,25.1,0.0,196.4,1.0,0.0,0.0,1.0,0.1139,0.0,18.8,0.1139,0.0,0.0,0.0,0.0,0.0
351,4721.0,26.8,24.9,26.8,26.8,25.1,0.0,196.4,1.0,0.0,0.0,1.0,0.1139,0.0,18.8,0.1139,0.0,0.0,0.0,0.0,0.0
352,4734.0,26.8,24.9,26.8,26.5,25.1,0.0,196.4,1.0,0.0,0.0,1.0,0.1139,0.0,19.1,0.1139,0.0,0.0,0.0,0.0,0.0
353,4747.0,26.8,24.9,26.8,26.8,25.1,0.0,196.4,1.0,0.0,0.0,1.0,0.1139,0.0,19.1,0.1139,0.0,0.0,0.0,0.0,0.0
354,4760.0,26.8,24.9,26.8,26.8,25.1,0.0,196.4,1.0,0.0,0.0,1.0,0.1139,0.0,18.8,0.1139,0.0,0.0,0.0,0.0,0.0
355,4773.0,26.8,24.9,26.8,26.5,25.1,0.0,196.4,1.0,0.0,0.0,1.0,0.1139,0.0,18.8,0.1139,0.0,0.0,0.0,0.0,0.0
356,4786.0,26.8,24.9,26.8,26.5,25.1,0.0,196.4,1.0,0.0,0.0,1.0,0.1139,0.0,18.8,0.1139,0.0,0.0,0.0,0.0,0.0
357,4799.0,26.8,24.9,26.8,26.8,25.1,0.0,196.4,1.0,0.0,0.0,1.0,0.1139,0.0,18.6,0.1139,0.0,0.0,0.0,0.0,0.0
358,4812.0,26.8,24.9,26.8,26.5,25.1,0.0,196.4,1.0,0.0,0.0,1.0,0.1139,0.0,18.6,0.1139,0.0,0.0,0.0,0.0,0.0
359,4825.0,26.8,24.9,26.8,26.8,25.1,0.0,196.4,1.0,0.0,0.0,1.0,0.1139,0.0,18.6,0.1139,0.0,0.0,0.0,0.0,0.0
360,4838.0,26.8,24.9,26.8,26.8,25.1,0.0,196.4,1.0,0.0,0.0,1.0,0.1139,0.0,18.6,0.1139,0.0,0.0,0.0,0.0,0.0
361,4851.0,26.8,24.9,26.8,26.8,25.1,0.0,196.4,1.0,0.0,0.0,1.0,0.1139,0.0,18.6,0.1139,0.0,0.0,0.0,0.0,0.0
362,4864.0,26.8,24.9,26.8,26.8,25.1,0.0,196.4,1.0,0.0,0.0,1.0,0.1139,0.0,18.6,0.1139,0.0,0.0,0.0,0.0,0.0
363,4877.0,26.8,24.9,26.8,26.8,25.1,0.0,196.4,1.0,0.0,0.0,1.0,0.1139,0.0,18.6,0.1139,0.0,0.0,0.0,0.0,0.0
364,4890.0,26.8,24.9,26.8,26.8,25.1,0.0,196.4,1.0,0.0,0.0,1.0,0.1139,0.0,18.6,0.1139,0.0,0.0,0.0,0.0,0.0
365,4903.0,26.8,24.9,26.8,26.5,25.1,0.0,196.4,1.0,0.0,0.0,1.0,0.1139,0.0,18.6,0.1139,0.0,0.0,0.0,0.0,0.0
366,4916.0,26.8,24.9,26.8,26.8,25.1,0.0,196.4,1.0,0.0,0.0,1.0,0.1139,0.0,18.6,0.1139,0.0,0.0,0.0,0.0,0.0
367,4929.0,26.8,24.9,26.8,26.5,25.1,0.0,196.4,1.0,0.0,0.0,1.0,0.1139,0.0,18.6,0.1139,0.0,0.0,0.0,0.0,0.0
368,4942.0,26.8,24.9,26.8,26.8,25.1,0.0,196.4,1.0,0.0,0.0,1.0,0.1139,0.0,18.6,0.1139,0.0,0.0,0.0,0.0,0.0
369,4955.0,26.8,24.9,26.8,26.8,25.1,0.0,196.4,1.0,0.0,0.0,1.0,0.1139,0.0,18.6,0.1139,0.0,0.0,0.0,0.0,0.0
370,4968.0,26.8,24.9,26.8,26.8,25.1,0.0,196.4,1.0,0.0,0.0,1.0,0.1139,0.0,18.6,0.1139,0.0,0.0,0.0,0.0,0.0
371,4981.0,26.8,24.9,26.8,26.8,25.1,0.0,196.4,1.0,0.0,0.0,1.0,0.1139,0.0,18.6,0.1139,0.0,0.0,0.0,0.0,0.0
372,4994.0,26.8,24.9,26.8,26.8,25.1,0.0,196.4,1.0,0.0,0.0,1.0,0.1139,0.0,18.6,0.1139,0.0,0.0,0.0,0.0,0.0
373,5007.0,27.0,24.9,26.8,26.8,25.1,0.0,196.4,1.0,0.0,0.0,1.0,0.1139,0.0,18.6,0.1139,0.0,0.0,0.0,0.0,0.0
374,5020.0,26.8,24.9,26.8,26.5,25.1,0.0,196.4,1.0,0.0,0.0,1.0,0.1139,0.0,18.8,0.1139,0.0,0.0,0.0,0.0,0.0
375,5033.0,26.8,24.9,26.8,26.8,25.1,0.0,196.4,1.0,0.0,0.0,1.0,0.1139,0.0,18.8,0.1139,0.0,0.0,0.0,0.0,0.0
376,5046.0,26.8,24.9,26.8,26.8,25.1,0.0,196.4,1.0,0.0,0.0,1.0,0.1139,0.0,18.8,0.1139,0.0,0.0,0.0,0.0,0.0
377,5059.0,26.8,24.9,26.8,26.5,25.1,0.0,196.4,1.0,0.0,0.0,1.0,0.1139,0.0,18.8,0.1139,0.0,0.0,0.0,0.0,0.0
378,5072.0,26.8,24.9,26.8,26.5,25.1,0.0,196.4,1.0,0.0,0.0,1.0,0.1139,0.0,18.8,0.1139,0.0,0.0,0.0,0.0,0.0
379,5085.0,26.8,24.9,26.8,26.5,25.1,0.0,196.4,1.0,0.0,0.0,1.0,0.1139,0.0,18.8,0.1139,0.0,0.0,0.0,0.0,0.0
380,5098.0,26.8,24.9,26.8,26.8,25.1,0.0,196.4,1.0,0.0,0.0,1.0,0.1139,0.0,18.8,0.1139,0.0,0.0,0.0,0.0,0.0
381,5111.0,26.8,24.9,26.8,26.8,25.1,0.0,196.4,1.0,0.0,0.0,1.0,0.1139,0.0,18.8,0.1139,0.0,0.0,0.0,0.0,0.0
382,5124.0,26.8,24.9,26.8,26.5,25.1,0.0,196.4,1.0,0.0,0.0,1.0,0.1139,0.0,18.8,0.1139,0.0,0.0,0.0,0.0,0.0
383,5137.0,27.0,24.9,26.8,26.5,25.1,0.0,196.4,1.0,0.0,0.0,1.0,0.1139,0.0,18.8,0.1139,0.0,0.0,0.0,0.0,0.0
384,5150.0,26.8,24.9,26.8,26.8,25.1,0.0,196.4,1.0,0.0,0.0,1.0,0.1139,0.0,18.8,0.1139,0.0,0.0,0.0,0.0,0.0
385,5163.0,26.8,24.9,26.8,26.5,25.1,0.0,196.4,1.0,0.0,0.0,1.0,0.1139,0.0,18.8,0.1139,0.0,0.0,0.0,0.0,0.0
386,5176.0,26.8,24.9,26.8,26.5,25.1,0.0,196.4,1.0,0.0,0.0,1.0,0.1139,0.0,18.8,0.1139,0.0,0.0,0.0,0.0,0.0
387,5189.0,26.8,24.9,26.8,26.5,25.1,0.0,196.4,1.0,0.0,0.0,1.0,0.1139,0.0,18.6,0.1139,0.0,0.0,0.0,0.0,0.0
388,5202.0,26.8,24.9,26.8,26.8,25.1,0.0,196.4,1.0,0.0,0.0,1.0,0.1139,0.0,18.6,0.1139,0.0,0.0,0.0,0.0,0.0
389,5215.0,26.8,24.9,26.8,26.8,25.1,0.0,196.4,1.0,0.0,0.0,1.0,0.1139,0.0,18.6,0.1139,0.0,0.0,0.0,0.0,0.0
390,5228.0,26.8,24.9,26.8,26.8,25.1,0.0,196.4,1.0,0.0,0.0,1.0,0.1139,0.0,18.6,0.1139,0.0,0.0,0.0,0.0,0.0
391,5241.0,26.8,24.9,26.8,26.8,25.1,0.0,196.4,1.0,0.0,0.0,1.0,0.1139,0.0,18.6,0.1139,0.0,0.0,0.0,0.0,0.0
392,5254.0,26.8,24.9,26.8,26.5,25.1,0.0,196.4,1.0,0.0,0.0,1.0,0.1139,0.0,20.0,0.1139,0.0,0.0,0.0,0.0,0.0
393,5267.0,26.8,24.9,26.8,26.8,25.1,0.0,196.4,1.0,0.0,0.0,1.0,0.1139,0.0,21.9,0.1139,0.0,0.0,0.0,0.0,0.0
394,5280.0,26.8,24.9,26.8,26.8,25.1,0.0,196.4,1.0,0.0,0.0,1.0,0.1139,0.0,21.9,0.1139,0.0,0.0,0.0,0.0,0.0
395,5293.0,26.8,24.9,26.8,26.5,25.1,0.0,196.4,1.0,0.0,0.0,1.0,0.1139,0.0,21.0,0.1139,0.0,0.0,0.0,0.0,0.0
396,5306.0,26.8,24.9,26.8,26.8,25.1,0.0,196.4,1.0,0.0,0.0,1.0,0.1139,0.0,19.8,0.1139,0.0,0.0,0.0,0.0,0.0
397,5319.0,26.8,24.9,26.8,26.8,25.1,0.0,196.4,1.0,0.0,0.0,1.0,0.1139,0.0,19.3,0.1139,0.0,0.0,0.0,0.0,0.0
398,5332.0,26.8,24.9,26.8,26.5,25.1,0.0,196.4,1.0,0.0,0.0,1.0,0.1139,0.0,19.1,0.1139,0.0,0.0,0.0,0.0,0.0
399,5345.0,26.8,24.9,26.8,26.5,25.1,0.0,196.4,1.0,0.0,0.0,1.0,0.1139,0.0,18.8,0.1139,0.0,0.0,0.0,0.0,0.0
400,5358.0,26.8,24.9,26.8,26.5,25.1,0.0,196.4,1.0,0.0,0.0,1.0,0.1139,0.0,18.8,0.1139,0.0,0.0,0.0,0.0,0.0
401,5371.0,26.8,24.9,26.8,26.8,25.1,0.0,196.4,1.0,0.0,0.0,1.0,0.1139,0.0,18.6,0.1139,0.0,0.0,0.0,0.0,0.0
402,5384.0,26.8,24.9,26.8,26.8,25.1,0.0,196.4,1.0,0.0,0.0,1.0,0.1139,0.0,18.6,0.1139,0.0,0.0,0.0,0.0,0.0
403,5397.0,26.8,24.9,26.8,26.8,25.1,0.0,196.4,1.0,0.0,0.0,1.0,0.1139,0.0,18.6,0.1139,0.0,0.0,0.0,0.0,0.0
404,5410.0,26.8,24.9,26.8,26.8,25.1,0.0,196.4,1.0,0.0,0.0,1.0,0.1139,0.0,18.4,0.1139,0.0,0.0,0.0,0.0,0.0
405,5423.0,26.8,24.9,26.8,26.8,25.1,0.0,196.4,1.0,0.0,0.0,1.0,0.1139,0.0,18.4,0.1139,0.0,0.0,0.0,0.0,0.0
406,5436.0,26.8,24.9,26.8,26.8,25.1,0.0,196.4,1.0,0.0,0.0,1.0,0.1139,0.0,18.4,0.1139,0.0,0.0,0.0,0.0,0.0
407,5449.0,26.8,24.9,26.8,26.8,25.1,0.0,196.4,1.0,0.0,0.0,1.0,0.1139,0.0,18.4,0.1139,0.0,0.0,0.0,0.0,0.0
408,5462.0,26.8,24.9,26.8,26.8,25.1,0.0,196.4,1.0,0.0,0.0,1.0,0.1139,0.0,18.4,0.1139,0.0,0.0,0.0,0.0,0.0
409,5475.0,26.8,24.9,26.8,26.5,25.1,0.0,196.4,1.0,0.0,0.0,1.0,0.1139,0.0,18.4,0.1139,0.0,0.0,0.0,0.0,0.0
410,5488.0,26.8,24.9,26.8,26.8,24.9,0.0,196.4,1.0,0.0,0.0,1.0,0.1139,0.0,18.4,0.1139,0.0,0.0,0.0,0.0,0.0
411,5501.0,26.8,24.9,26.8,26.8,25.1,0.0,196.4,1.0,0.0,0.0,1.0,0.1139,0.0,18.4,0.1139,0.0,0.0,0.0,0.0,0.0
412,5514.0,26.8,24.9,26.8,26.5,25.1,0.0,196.4,1.0,0.0,0.0,1.0,0.1139,0.0,18.4,0.1139,0.0,0.0,0.0,0.0,0.0
413,5527.0,26.8,24.9,26.8,26.5,25.1,0.0,196.4,1.0,0.0,0.0,1.0,0.1139,0.0,18.4,0.1139,0.0,0.0,0.0,0.0,0.0
414,5540.0,26.8,24.9,26.8,26.8,25.1,0.0,196.4,1.0,0.0,0.0,1.0,0.1139,0.0,18.4,0.1139,0.0,0.0,0.0,0.0,0.0
415,5553.0,26.8,24.9,26.8,26.5,25.1,0.0,196.4,1.0,0.0,0.0,1.0,0.1139,0.0,18.4,0.1139,0.0,0.0,0.0,0.0,0.0
416,5566.0,26.8,24.9,26.8,26.5,25.1,0.0,196.4,1.0,0.0,0.0,1.0,0.1139,0.0,18.4,0.1139,0.0,0.0,0.0,0.0,0.0
417,5579.0,26.8,24.9,26.8,26.5,25.1,0.0,196.4,1.0,0.0,0.0,1.0,0.1139,0.0,18.4,0.1139,0.0,0.0,0.0,0.0,0.0
418,5592.0,26.8,24.9,26.8,26.5,25.1,0.0,196.4,1.0,0.0,0.0,1.0,0.1139,0.0,18.4,0.1139,0.0,0.0,0.0,0.0,0.0
419,5605.0,26.8,24.9,26.8,26.5,25.1,0.0,196.4,1.0,0.0,0.0,1.0,0.1139,0.0,18.4,0.1139,0.0,0.0,0.0,0.0,0.0
420,5618.0,26.8,24.9,26.8,26.5,24.9,0.0,196.4,1.0,0.0,0.0,1.0,0.1139,0.0,18.4,0.1139,0.0,0.0,0.0,0.0,0.0
421,5631.0,26.8,24.9,26.8,26.5,25.1,0.0,196.4,1.0,0.0,0.0,1.0,0.1139,0.0,18.4,0.1139,0.0,0.0,0.0,0.0,0.0
422,5644.0,26.8,24.9,26.8,26.5,25.1,0.0,196.4,1.0,0.0,0.0,1.0,0.1139,0.0,18.4,0.1139,0.0,0.0,0.0,0.0,0.0
423,5657.0,26.8,24.9,26.8,26.8,25.1,0.0,196.4,1.0,0.0,0.0,1.0,0.1139,0.0,18.1,0.1139,0.0,0.0,0.0,0.0,0.0
424,5670.0,26.8,24.9,26.8,26.8,25.1,0.0,196.4,1.0,0.0,0.0,1.0,0.1139,0.0,18.1,0.1139,0.0,0.0,0.0,0.0,0.0
425,5683.0,26.8,24.9,26.8,26.8,25.1,0.0,196.4,1.0,0.0,0.0,1.0,0.1139,0.0,18.1,0.1139,0.0,0.0,0.0,0.0,0.0
426,5696.0,26.8,24.9,26.8,26.8,25.1,0.0,196.4,1.0,0.0,0.0,1.0,0.1139,0.0,18.1,0.1139,0.0,0.0,0.0,0.0,0.0
427,5709.0,26.8,24.9,26.8,26.8,24.9,0.0,196.4,1.0,0.0,0.0,1.0,0.1139,0.0,18.1,0.1139,0.0,0.0,0.0,0.0,0.0
428,5722.0,26.8,24.9,26.8,26.8,25.1,0.0,196.4,1.0,0.0,0.0,1.0,0.1139,0.0,18.1,0.1139,0.0,0.0,0.0,0.0,0.0
429,5735.0,26.8,24.9,26.8,26.8,25.1,0.0,196.4,1.0,0.0,0.0,1.0,0.1139,0.0,18.1,0.1139,0.0,0.0,0.0,0.0,0.0
430,5748.0,26.8,24.9,26.8,26.8,25.1,0.0,196.4,1.0,0.0,0.0,1.0,0.1139,0.0,18.1,0.1139,0.0,0.0,0.0,0.0,0.0
431,5761.0,26.8,24.9,26.8,26.8,25.1,0.0,196.4,1.0,0.0,0.0,1.0,0.1139,0.0,18.1,0.1139,0.0,0.0,0.0,0.0,0.0
432,5774.0,26.8,24.9,26.8,26.8,24.9,0.0,196.4,1.0,0.0,0.0,1.0,0.1139,0.0,18.4,0.1139,0.0,0.0,0.0,0.0,0.0
433,5787.0,26.8,24.9,26.8,26.8,24.9,0.0,196.4,1.0,0.0,0.0,1.0,0.1139,0.0,18.4,0.1139,0.0,0.0,0.0,0.0,0.0
434,5800.0,26.8,24.9,26.8,26.8,25.1,0.0,196.4,1.0,0.0,0.0,1.0,0.1139,0.0,18.4,0.1139,0.0,0.0,0.0,0.0,0.0
435,5813.0,26.8,24.9,26.8,26.8,25.1,0.0,196.4,1.0,0.0,0.0,1.0,0.1139,0.0,18.4,0.1139,0.0,0.0,0.0,0.0,0.0
436,5826.0,26.8,24.9,26.8,26.8,25.1,0.0,196.4,1.0,0.0,0.0,1.0,0.1139,0.0,18.4,0.1139,0.0,0.0,0.0,0.0,0.0
437,5839.0,26.8,24.9,26.8,26.8,25.1,0.0,196.4,1.0,0.0,0.0,1.0,0.1139,0.0,18.4,0.1139,0.0,0.0,0.0,0.0,0.0
438,5852.0,26.8,24.9,26.8,26.8,25.1,0.0,196.4,1.0,0.0,0.0,1.0,0.1139,0.0,18.4,0.1139,0.0,0.0,0.0,0.0,0.0
439,5865.0,26.8,24.9,26.8,26.8,24.9,0.0,196.4,1.0,0.0,0.0,1.0,0.1139,0.0,18.4,0.1139,0.0,0.0,0.0,0.0,0.0
440,5878.0,26.8,24.9,26.8,26.8,24.9,0.0,196.4,1.0,0.0,0.0,1.0,0.1139,0.0,18.4,0.1139,0.0,0.0,0.0,0.0,0.0
441,5891.0,26.8,24.9,26.8,26.8,24.9,0.0,196.4,1.0,0.0,0.0,1.0,0.1139,0.0,18.4,0.1139,0.0,0.0,0.0,0.0,0.0
442,5904.0,26.8,24.9,26.8,26.8,25.1,0.0,196.4,1.0,0.0,0.0,1.0,0.0,0.0,18.4,0.0,0.0,0.0,0.0,0.0,0.0
443,5917.0,26.8,24.9,26.8,26.8,24.9,0.0,196.4,1.0,0.0,0.0,1.0,0.0,0.0,18.4,0.0,0.0,0.0,0.0,0.0,0.0
444,5930.0,26.8,24.9,26.8,26.5,24.9,0.0,196.4,1.0,0.0,0.0,1.0,0.0,0.0,18.4,0.0,0.0,0.0,0.0,0.0,0.0
445,5943.0,26.8,24.9,26.8,26.5,25.1,0.0,196.4,1.0,0.0,0.0,1.0,0.188,0.0,18.4,0.188,0.0,0.0,0.0,0.0,0.0
446,5956.0,26.8,24.9,26.8,26.5,24.9,0.0,196.4,1.0,0.0,0.0,1.0,0.188,0.0,18.4,0.188,0.0,0.0,0.0,0.0,0.0
447,5969.0,26.8,24.9,26.8,26.5,25.1,0.0,196.4,1.0,0.0,0.0,1.0,0.188,0.0,18.4,0.188,0.0,0.0,0.0,0.0,0.0
448,5982.0,26.8,24.9,26.8,26.5,24.9,0.0,196.4,1.0,0.0,0.0,1.0,0.188,0.0,18.4,0.188,0.0,0.0,0.0,0.0,0.0
449,5995.0,26.8,24.9,26.8,26.5,25.1,0.0,196.4,1.0,0.0,0.0,1.0,0.188,0.0,18.4,0.188,0.0,0.0,0.0,0.0,0.0
450,6008.0,26.8,24.9,26.8,26.5,24.9,0.0,196.4,1.0,0.0,0.0,1.0,0.188,0.0,18.4,0.188,0.0,0.0,0.0,0.0,0.0
451,6021.0,26.8,24.9,26.8,26.5,25.1,0.0,196.4,1.0,0.0,0.0,1.0,0.188,0.0,18.4,0.188,0.0,0.0,0.0,0.0,0.0
452,6034.0,26.8,24.6,26.8,26.5,24.9,0.0,196.4,1.0,0.0,0.0,1.0,0.188,0.0,18.8,0.188,0.0,0.0,0.0,0.0,0.0
453,6047.0,26.8,24.6,26.8,26.8,25.1,0.0,196.4,1.0,0.0,0.0,1.0,0.188,0.0,20.3,0.188,0.0,0.0,0.0,0.0,0.0
454,6060.0,26.8,24.6,26.8,26.5,25.1,0.0,196.4,1.0,0.0,0.0,1.0,0.188,0.0,21.4,0.188,0.0,0.0,0.0,0.0,0.0
455,6073.0,26.8,24.6,26.8,26.5,25.1,0.0,196.4,1.0,0.0,0.0,1.0,0.188,0.0,21.9,0.188,0.0,0.0,0.0,0.0,0.0
456,6086.0,26.8,24.6,26.8,26.5,24.9,0.0,196.4,1.0,0.0,0.0,1.0,0.305,0.0,21.4,0.305,0.0,0.0,0.0,0.0,0.0
457,6099.0,26.8,24.6,26.8,26.5,25.1,0.0,196.4,1.0,0.0,0.0,1.0,0.305,0.0,20.7,0.305,0.0,0.0,0.0,0.0,0.0
458,6112.0,26.8,24.6,26.8,26.5,24.9,0.0,196.4,1.0,0.0,0.0,1.0,0.305,0.0,20.0,0.305,0.0,0.0,0.0,0.0,0.0
459,6125.0,26.8,24.4,26.8,26.5,24.9,0.0,196.4,1.0,0.0,0.0,1.0,0.305,0.0,19.6,0.305,0.0,0.0,0.0,0.0,0.0
460,6138.0,26.8,24.2,26.8,26.8,25.1,0.0,196.4,1.0,0.0,0.0,1.0,0.305,0.0,19.6,0.305,0.0,0.0,0.0,0.0,0.0
461,6151.0,26.8,24.2,26.8,26.8,25.1,0.0,196.4,1.0,0.0,0.0,1.0,0.305,0.0,20.3,0.305,0.0,0.0,0.0,0.0,0.0
462,6164.0,26.8,24.2,26.8,26.5,24.9,0.0,196.4,1.0,0.0,0.0,1.0,0.305,0.0,21.2,0.305,0.0,0.0,0.0,0.0,0.0
463,6177.0,26.8,23.9,26.8,26.5,24.9,0.0,196.4,1.0,0.0,0.0,1.0,0.305,0.0,22.4,0.305,0.0,0.0,0.0,0.0,0.0
464,6190.0,26.8,23.9,26.8,26.5,24.9,0.0,196.4,1.0,0.0,0.0,1.0,0.305,0.0,23.3,0.305,0.0,0.0,0.0,0.0,0.0
465,6203.0,26.8,23.9,26.8,26.5,24.9,0.0,196.4,1.0,0.0,0.0,1.0,0.305,0.0,24.0,0.305,0.0,0.0,0.0,0.0,0.0
466,6216.0,26.8,23.9,26.8,26.5,25.1,0.0,196.4,1.0,0.0,0.0,1.0,0.305,0.0,24.5,0.305,0.0,0.0,0.0,0.0,0.0
467,6229.0,26.8,23.7,26.8,26.5,24.9,0.0,196.4,1.0,0.0,0.0,1.0,0.305,0.0,25.0,0.305,0.0,0.0,0.0,0.0,0.0
468,6242.0,26.8,23.7,26.8,26.5,24.9,0.0,196.4,1.0,0.0,0.0,1.0,0.305,0.0,25.2,0.305,0.0,0.0,0.0,0.0,0.0
469,6255.0,26.8,23.7,26.8,26.5,25.1,0.0,196.4,1.0,0.0,0.0,1.0,0.305,0.0,25.2,0.305,0.0,0.0,0.0,0.0,0.0
470,6268.0,26.8,23.7,26.8,26.5,24.9,0.0,196.4,1.0,0.0,0.0,1.0,0.305,0.0,25.2,0.305,0.0,0.0,0.0,0.0,0.0
471,6281.0,26.8,23.7,26.8,26.5,24.9,0.0,196.4,1.0,0.0,0.0,1.0,0.305,0.0,25.5,0.305,0.0,0.0,0.0,0.0,0.0
472,6294.0,26.8,23.7,26.8,26.5,25.1,0.0,196.4,1.0,0.0,0.0,1.0,0.305,0.0,25.5,0.305,0.0,0.0,0.0,0.0,0.0
473,6307.0,26.8,23.7,26.8,26.5,24.9,0.0,196.4,1.0,0.0,0.0,1.0,0.305,0.0,25.5,0.305,0.0,0.0,0.0,0.0,0.0
474,6320.0,26.8,23.7,26.8,26.5,24.9,0.0,196.4,1.0,0.0,0.0,1.0,0.305,0.0,25.5,0.305,0.0,0.0,0.0,0.0,0.0
475,6333.0,26.8,23.7,26.8,26.5,25.1,0.0,196.4,1.0,0.0,0.0,1.0,0.305,0.0,25.5,0.305,0.0,0.0,0.0,0.0,0.0
476,6346.0,26.8,23.7,26.8,26.5,24.9,0.0,196.4,1.0,0.0,0.0,1.0,0.305,0.0,25.7,0.305,0.0,0.0,0.0,0.0,0.0
477,6359.0,26.8,23.7,26.8,26.5,24.9,0.0,196.4,1.0,0.0,0.0,1.0,0.305,0.0,25.7,0.305,0.0,0.0,0.0,0.0,0.0
478,6372.0,26.8,23.7,26.8,26.5,24.9,0.0,196.4,1.0,0.0,0.0,1.0,0.305,0.0,25.7,0.305,0.0,0.0,0.0,0.0,0.0
479,6385.0,26.8,23.9,26.8,26.5,25.1,0.0,196.4,1.0,0.0,0.0,1.0,0.305,0.0,25.7,0.305,0.0,0.0,0.0,0.0,0.0
480,6398.0,26.8,23.9,26.8,26.5,24.9,0.0,196.4,1.0,0.0,0.0,1.0,0.305,0.0,25.7,0.305,0.0,0.0,0.0,0.0,0.0
481,6411.0,26.8,23.9,26.8,26.5,24.9,0.0,196.4,1.0,0.0,0.0,1.0,0.305,0.0,25.7,0.305,0.0,0.0,0.0,0.0,0.0
482,6424.0,26.8,23.9,26.8,26.5,24.9,0.0,196.7,1.0,0.0,0.0,1.0,0.305,0.0,25.7,0.305,0.0,0.0,0.0,0.0,0.0
483,6437.0,26.8,23.9,26.8,26.5,24.9,0.0,196.7,1.0,0.0,0.0,1.0,0.305,0.0,25.7,0.305,0.0,0.0,0.0,0.0,0.0
484,6450.0,26.8,23.9,26.8,26.5,24.9,0.0,196.4,1.0,0.0,0.0,1.0,0.305,0.0,25.7,0.305,0.0,0.0,0.0,0.0,0.0
485,6463.0,26.8,23.9,26.8,26.3,24.9,0.0,196.7,1.0,0.0,0.0,1.0,0.305,0.0,25.7,0.305,0.0,0.0,0.0,0.0,0.0
486,6476.0,26.8,23.9,26.8,26.5,24.9,0.0,196.7,1.0,0.0,0.0,1.0,0.305,0.0,25.7,0.305,0.0,0.0,0.0,0.0,0.0
487,6489.0,26.8,23.9,26.8,26.3,24.9,0.0,196.7,1.0,0.0,0.0,1.0,0.305,0.0,25.7,0.305,0.0,0.0,0.0,0.0,0.0
488,6502.0,26.8,23.9,26.8,26.3,24.9,0.0,196.4,1.0,0.0,0.0,1.0,0.305,0.0,25.7,0.305,0.0,0.0,0.0,0.0,0.0
489,6515.0,26.8,23.9,26.8,26.3,24.9,0.0,196.7,1.0,0.0,0.0,1.0,0.305,0.0,25.7,0.305,0.0,0.0,0.0,0.0,0.0
490,6528.0,26.8,23.9,26.8,26.3,24.9,0.0,196.4,1.0,0.0,0.0,1.0,0.305,0.0,25.7,0.305,0.0,0.0,0.0,0.0,0.0
491,6541.0,26.8,24.2,26.8,26.3,24.9,0.0,196.4,1.0,0.0,0.0,1.0,0.305,0.0,25.7,0.305,0.0,0.0,0.0,0.0,0.0
492,6554.0,26.8,24.2,26.8,26.5,24.9,0.0,196.4,1.0,0.0,0.0,1.0,0.305,0.0,25.7,0.305,0.0,0.0,0.0,0.0,0.0
493,6567.0,26.8,24.2,26.8,26.3,24.9,0.0,196.4,1.0,0.0,0.0,1.0,0.305,0.0,26.0,0.305,0.0,0.0,0.0,0.0,0.0
494,6580.0,26.8,24.2,26.8,26.3,24.9,0.0,196.4,1.0,0.0,0.0,1.0,0.305,0.0,26.0,0.305,0.0,0.0,0.0,0.0,0.0
495,6593.0,26.8,24.2,26.8,26.3,24.9,0.0,196.4,1.0,0.0,0.0,1.0,0.305,0.0,26.0,0.305,0.0,0.0,0.0,0.0,0.0
496,6606.0,26.8,24.2,26.8,26.3,24.9,0.0,196.4,1.0,0.0,0.0,1.0,0.305,0.0,26.0,0.305,0.0,0.0,0.0,0.0,0.0
497,6619.0,26.8,24.2,26.8,26.3,24.9,0.0,196.4,1.0,0.0,0.0,1.0,0.305,0.0,26.0,0.305,0.0,0.0,0.0,0.0,0.0
498,6632.0,26.8,24.2,26.8,26.3,24.9,0.0,196.4,1.0,0.0,0.0,1.0,0.305,0.0,26.0,0.305,0.0,0.0,0.0,0.0,0.0
499,6645.0,26.8,24.2,26.8,26.3,24.9,0.0,196.4,1.0,0.0,0.0,1.0,0.305,0.0,26.0,0.305,0.0,0.0,0.0,0.0,0.0
500,6658.0,26.8,24.2,26.8,26.3,25.1,0.0,196.4,1.0,0.0,0.0,1.0,0.305,0.0,26.0,0.305,0.0,0.0,0.0,0.0,0.0
501,6671.0,26.8,24.2,26.8,26.3,24.9,0.0,196.4,1.0,0.0,0.0,1.0,0.305,0.0,26.0,0.305,0.0,0.0,0.0,0.0,0.0
502,6684.0,26.8,24.2,26.8,26.3,24.9,0.0,196.7,1.0,0.0,0.0,1.0,0.305,0.0,26.0,0.305,0.0,0.0,0.0,0.0,0.0
503,6697.0,26.8,24.2,26.8,26.3,24.9,0.0,196.7,1.0,0.0,0.0,1.0,0.305,0.0,26.0,0.305,0.0,0.0,0.0,0.0,0.0
504,6710.0,26.8,24.2,26.8,26.3,24.9,0.0,196.7,1.0,0.0,0.0,1.0,0.305,0.0,26.0,0.305,0.0,0.0,0.0,0.0,0.0
505,6723.0,26.8,24.2,26.8,26.3,24.9,0.0,196.7,1.0,0.0,0.0,1.0,0.305,0.0,26.0,0.305,0.0,0.0,0.0,0.0,0.0
506,6736.0,26.8,24.2,26.8,26.3,24.9,0.0,196.7,1.0,0.0,0.0,1.0,0.305,0.0,26.0,0.305,0.0,0.0,0.0,0.0,0.0
507,6749.0,26.8,24.2,26.8,26.3,24.9,0.0,196.7,1.0,0.0,0.0,1.0,0.305,0.0,26.0,0.305,0.0,0.0,0.0,0.0,0.0
508,6762.0,26.8,24.2,26.8,26.3,24.9,0.0,196.7,1.0,0.0,0.0,1.0,0.305,0.0,26.0,0.305,0.0,0.0,0.0,0.0,0.0
509,6775.0,26.8,24.4,26.8,26.3,24.9,0.0,196.7,1.0,0.0,0.0,1.0,0.305,0.0,26.0,0.305,0.0,0.0,0.0,0.0,0.0
510,6788.0,26.8,24.4,26.8,26.1,24.9,0.0,196.7,1.0,0.0,0.0,1.0,0.305,0.0,26.0,0.305,0.0,0.0,0.0,0.0,0.0
511,6801.0,26.8,24.4,26.8,26.3,24.9,0.0,196.7,1.0,0.0,0.0,1.0,0.305,0.0,26.0,0.305,0.0,0.0,0.0,0.0,0.0
512,6814.0,26.8,24.4,26.8,26.3,24.9,0.0,196.7,1.0,0.0,0.0,1.0,0.305,0.0,26.0,0.305,0.0,0.0,0.0,0.0,0.0
513,6827.0,26.8,24.4,26.8,26.1,24.9,0.0,196.7,1.0,0.0,0.0,1.0,0.305,0.0,26.0,0.305,0.0,0.0,0.0,0.0,0.0
514,6840.0,26.8,24.4,26.8,26.1,24.9,0.0,196.7,1.0,0.0,0.0,1.0,0.305,0.0,26.0,0.305,0.0,0.0,0.0,0.0,0.0
515,6853.0,26.8,24.4,26.8,26.1,24.9,0.0,196.7,1.0,0.0,0.0,1.0,0.305,0.0,26.0,0.305,0.0,0.0,0.0,0.0,0.0
516,6866.0,26.8,24.4,26.8,25.8,24.9,0.0,196.7,1.0,0.0,0.0,1.0,0.305,0.0,26.0,0.305,0.0,0.0,0.0,0.0,0.0
517,6879.0,26.8,24.4,26.8,25.6,24.9,0.0,196.7,1.0,0.0,0.0,1.0,0.0,0.0,26.0,0.0,0.0,0.0,0.0,0.0,0.0
518,6892.0,26.8,24.4,26.8,25.6,24.9,0.0,196.7,1.0,0.0,0.0,1.0,0.0,0.0,26.0,0.0,0.0,0.0,0.0,0.0,0.0
519,6905.0,26.8,24.4,26.8,25.4,24.9,0.0,196.7,1.0,0.0,0.0,1.0,0.0,0.0,26.0,0.0,0.0,0.0,0.0,0.0,0.0
520,6918.0,26.8,24.4,26.8,25.4,24.9,0.0,196.7,1.0,0.0,0.0,1.0,0.0,0.0,26.0,0.0,0.0,0.0,0.0,0.0,0.0
521,6931.0,26.8,24.4,26.8,25.4,25.1,0.0,196.7,1.0,0.0,0.0,1.0,0.0,0.0,26.0,0.0,0.0,0.0,0.0,0.0,0.0
522,6944.0,26.8,24.4,26.8,25.4,25.1,0.0,196.7,1.0,0.0,0.0,1.0,0.0,0.0,26.0,0.0,0.0,0.0,0.0,0.0,0.0
523,16747.0,26.8,24.6,26.8,25.6,24.7,0.0,203.1,0.0,0.0,0.0,0.0,0.0,0.0,25.0,0.0,0.0,0.0,0.0,0.0,0.0
524,16760.0,26.8,24.6,26.8,25.6,24.7,0.0,195.8,0.0,0.0,0.0,0.0,0.0,0.0,25.0,0.0,0.0,0.0,0.0,0.0,0.0
525,16773.0,26.8,24.6,26.8,25.6,24.7,0.0,195.8,0.0,0.0,0.0,0.0,0.0,0.0,25.0,0.0,0.0,0.0,0.0,0.0,0.0
526,16786.0,26.8,24.6,26.8,25.6,24.7,0.225,195.8,1.0,0.0,0.0,1.0,0.0,0.0,25.0,0.0,0.225,0.0,0.225,0.0,0.225
527,16799.0,26.8,24.6,26.8,25.6,24.4,0.225,195.8,1.0,0.0,0.0,1.0,0.0,0.0,24.8,0.0,0.225,0.0,0.225,0.0,0.225
528,16812.0,26.8,24.6,26.8,25.6,24.2,0.225,195.8,1.0,0.0,0.0,1.0,0.0,0.0,24.8,0.0,0.225,0.0,0.225,0.0,0.225
529,16825.0,26.8,24.6,26.8,25.6,24.4,0.225,195.8,1.0,0.0,0.0,1.0,0.0,0.0,25.0,0.0,0.225,0.0,0.225,0.0,0.225
530,16838.0,26.8,24.6,26.8,25.6,24.4,0.225,195.8,1.0,0.0,0.0,1.0,0.0,0.0,24.8,0.0,0.225,0.0,0.225,0.0,0.225
531,16851.0,26.8,24.6,26.8,25.6,24.4,0.225,195.5,1.0,0.0,0.0,1.0,0.0,0.0,25.0,0.0,0.225,0.0,0.225,0.0,0.225
532,16864.0,26.8,24.6,26.8,25.6,24.2,0.225,195.5,1.0,0.0,0.0,1.0,0.0,0.0,24.8,0.0,0.225,0.0,0.225,0.0,0.225
533,16877.0,26.8,24.6,26.8,25.6,24.2,0.225,195.5,1.0,0.0,0.0,1.0,0.0,0.0,25.0,0.0,0.225,0.0,0.225,0.0,0.225
534,16890.0,26.8,24.6,26.8,25.6,24.2,0.225,195.5,1.0,0.0,0.0,1.0,0.0,0.0,24.8,0.0,0.225,0.0,0.225,0.0,0.225
535,16903.0,26.8,24.6,26.8,25.6,24.4,0.225,195.5,1.0,0.0,0.0,1.0,0.0,0.0,24.8,0.0,0.225,0.0,0.225,0.0,0.225
536,16916.0,26.8,24.6,26.8,25.6,24.7,0.225,195.5,1.0,0.0,0.0,1.0,0.0,0.0,24.8,0.0,0.225,0.0,0.225,0.0,0.225
537,16929.0,26.8,24.6,26.8,25.6,24.7,0.225,195.5,1.0,0.0,0.0,1.0,0.0,0.0,24.8,0.0,0.225,0.0,0.225,0.0,0.225
538,16942.0,26.8,24.6,26.8,25.6,24.9,0.225,195.5,1.0,0.0,0.0,1.0,0.0,0.0,25.0,0.0,0.225,0.0,0.225,0.0,0.225
539,16955.0,26.8,24.6,26.8,25.6,24.9,0.225,195.5,1.0,0.0,0.0,1.0,0.0,0.0,25.0,0.0,0.225,0.0,0.225,0.0,0.225
540,16968.0,26.8,24.6,26.8,25.6,24.9,0.225,195.5,1.0,0.0,0.0,1.0,0.0,0.0,24.8,0.0,0.225,0.0,0.225,0.0,0.225
541,16981.0,26.5,24.6,26.8,25.6,24.9,0.225,195.5,1.0,0.0,0.0,1.0,0.0,0.0,25.0,0.0,0.225,0.0,0.225,0.0,0.225
542,16994.0,26.5,24.6,26.8,25.6,24.9,0.225,195.5,1.0,0.0,0.0,1.0,0.0,0.0,24.8,0.0,0.225,0.0,0.225,0.0,0.225
543,17007.0,26.5,24.6,26.8,25.6,24.9,0.225,195.5,1.0,0.0,0.0,1.0,0.0,0.0,24.8,0.0,0.225,0.0,0.225,0.0,0.225
544,17020.0,26.5,24.6,26.8,25.8,24.9,0.225,195.5,1.0,0.0,0.0,1.0,0.0,0.0,24.8,0.0,0.225,0.0,0.225,0.0,0.225
545,17033.0,26.5,24.6,26.8,25.8,24.9,0.225,195.5,1.0,0.0,0.0,1.0,0.0,0.0,24.8,0.0,0.225,0.0,0.225,0.0,0.225
546,17046.0,26.5,24.6,26.8,25.8,24.9,0.225,195.5,1.0,0.0,0.0,1.0,0.0,0.0,24.8,0.0,0.225,0.0,0.225,0.0,0.225
547,17059.0,26.5,24.6,26.8,25.8,24.9,0.225,195.5,1.0,0.0,0.0,1.0,0.0,0.0,24.8,0.0,0.225,0.0,0.225,0.0,0.225
548,17072.0,26.5,24.6,26.8,25.8,24.9,0.225,195.5,1.0,0.0,0.0,1.0,0.0,0.0,24.8,0.0,0.225,0.0,0.225,0.0,0.225
549,17085.0,26.5,24.6,26.8,25.8,24.9,0.225,195.5,1.0,0.0,0.0,1.0,0.0,0.0,24.8,0.0,0.225,0.0,0.225,0.0,0.225
550,17098.0,26.5,24.6,26.8,25.8,24.9,0.225,195.5,1.0,0.0,0.0,1.0,0.0,0.0,24.8,0.0,0.225,0.0,0.225,0.0,0.225
551,17111.0,26.5,24.6,26.8,25.8,24.9,0.225,195.5,1.0,0.0,0.0,1.0,0.0,0.0,24.8,0.0,0.225,0.0,0.225,0.0,0.225
552,17124.0,26.5,24.6,26.8,25.8,24.9,0.225,195.5,1.0,0.0,0.0,1.0,0.0,0.0,24.8,0.0,0.225,0.0,0.225,0.0,0.225
553,17137.0,26.5,24.6,26.5,25.8,24.9,0.225,195.5,1.0,0.0,0.0,1.0,0.0,0.0,24.8,0.0,0.225,0.0,0.225,0.0,0.225
554,17150.0,26.5,24.6,26.5,25.8,24.9,0.225,195.5,1.0,0.0,0.0,1.0,0.0,0.0,24.8,0.0,0.225,0.0,0.225,0.0,0.225
555,17163.0,26.5,24.6,26.5,25.8,24.9,0.225,195.5,1.0,0.0,0.0,1.0,0.0,0.0,24.8,0.0,0.225,0.0,0.225,0.0,0.225
556,17176.0,26.5,24.6,26.5,25.8,24.9,0.225,195.5,1.0,0.0,0.0,1.0,0.0,0.0,24.8,0.0,0.225,0.0,0.225,0.0,0.225
557,17189.0,26.5,24.6,26.5,26.1,24.9,0.225,195.5,1.0,0.0,0.0,1.0,0.0,0.0,24.8,0.0,0.225,0.0,0.225,0.0,0.225
558,17202.0,26.5,24.6,26.5,26.1,25.1,0.225,195.5,1.0,0.0,0.0,1.0,0.0,0.0,24.8,0.0,0.225,0.0,0.225,0.0,0.225
559,17215.0,26.5,24.6,26.5,26.1,24.9,0.225,195.5,1.0,0.0,0.0,1.0,0.0,0.0,24.8,0.0,0.225,0.0,0.225,0.0,0.225
560,17228.0,26.5,24.6,26.5,26.1,24.9,0.225,195.5,1.0,0.0,0.0,1.0,0.0,0.0,24.8,0.0,0.225,0.0,0.225,0.0,0.225
561,17241.0,26.5,24.6,26.5,26.1,24.9,0.225,195.5,1.0,0.0,0.0,1.0,0.0,0.0,24.8,0.0,0.225,0.0,0.225,0.0,0.225
562,17254.0,26.5,24.6,26.5,26.1,24.9,0.225,195.8,1.0,0.0,0.0,1.0,0.0,0.0,24.8,0.0,0.225,0.0,0.225,0.0,0.225
563,17267.0,26.5,24.6,26.5,26.3,24.9,0.225,195.8,1.0,0.0,0.0,1.0,0.0,0.0,24.8,0.0,0.225,0.0,0.225,0.0,0.225
564,17280.0,26.5,24.6,26.5,26.3,24.9,0.225,195.8,1.0,0.0,0.0,1.0,0.0,0.0,24.8,0.0,0.225,0.0,0.225,0.0,0.225
565,17293.0,26.5,24.6,26.5,26.3,24.9,0.225,195.8,1.0,0.0,0.0,1.0,0.0,0.0,24.8,0.0,0.225,0.0,0.225,0.0,0.225
566,17306.0,26.5,24.6,26.5,26.3,24.9,0.225,195.8,1.0,0.0,0.0,1.0,0.0,0.0,24.8,0.0,0.225,0.0,0.225,0.0,0.225
567,17319.0,26.5,24.6,26.5,26.3,24.9,0.225,195.8,1.0,0.0,0.0,1.0,0.0,0.0,24.8,0.0,0.225,0.0,0.225,0.0,0.225
568,17332.0,26.5,24.6,26.5,26.3,24.9,0.225,195.8,1.0,0.0,0.0,1.0,0.0,0.0,24.8,0.0,0.225,0.0,0.225,0.0,0.225
569,17345.0,26.5,24.6,26.5,26.3,24.9,0.225,195.8,1.0,0.0,0.0,1.0,0.0,0.0,24.8,0.0,0.225,0.0,0.225,0.0,0.225
570,17358.0,26.5,24.6,26.5,26.3,24.9,0.225,195.8,1.0,0.0,0.0,1.0,0.0,0.0,24.8,0.0,0.225,0.0,0.225,0.0,0.225
571,17371.0,26.5,24.6,26.5,26.3,24.9,0.225,195.8,1.0,0.0,0.0,1.0,0.0,0.0,24.8,0.0,0.225,0.0,0.225,0.0,0.225
572,17384.0,26.5,24.6,26.5,26.5,24.9,0.225,195.8,1.0,0.0,0.0,1.0,0.0,0.0,24.8,0.0,0.225,0.0,0.225,0.0,0.225
573,17397.0,26.5,24.6,26.5,26.5,24.9,0.225,195.8,1.0,0.0,0.0,1.0,0.0,0.0,24.8,0.0,0.225,0.0,0.225,0.0,0.225
574,17410.0,26.5,24.6,26.5,26.5,24.9,0.225,195.8,1.0,0.0,0.0,1.0,0.0,0.0,24.8,0.0,0.225,0.0,0.225,0.0,0.225
575,17423.0,26.5,24.6,26.5,26.5,24.9,0.225,195.8,1.0,0.0,0.0,1.0,0.0,0.0,24.8,0.0,0.225,0.0,0.225,0.0,0.225
576,17436.0,26.5,24.6,26.5,26.5,24.9,0.225,195.8,1.0,0.0,0.0,1.0,0.0,0.0,24.8,0.0,0.225,0.0,0.225,0.0,0.225
577,17449.0,26.3,24.6,26.5,26.5,24.9,0.225,195.8,1.0,0.0,0.0,1.0,0.0,0.0,24.8,0.0,0.225,0.0,0.225,0.0,0.225
578,17462.0,26.5,24.6,26.5,26.5,24.9,0.225,195.8,1.0,0.0,0.0,1.0,0.0,0.0,24.8,0.0,0.225,0.0,0.225,0.0,0.225
579,17475.0,26.3,24.6,26.5,26.5,24.9,0.225,195.8,1.0,0.0,0.0,1.0,0.0,0.0,24.8,0.0,0.225,0.0,0.225,0.0,0.225
580,17488.0,26.3,24.6,26.5,26.5,24.9,0.225,195.8,1.0,0.0,0.0,1.0,0.0,0.0,24.8,0.0,0.225,0.0,0.225,0.0,0.225
581,17501.0,26.3,24.6,26.5,26.5,24.9,0.225,195.8,1.0,0.0,0.0,1.0,0.0,0.0,24.8,0.0,0.225,0.0,0.225,0.0,0.225
582,17514.0,26.5,24.6,26.5,26.5,24.9,0.225,195.8,1.0,0.0,0.0,1.0,0.0,0.0,24.8,0.0,0.225,0.0,0.225,0.0,0.225
583,17527.0,26.3,24.6,26.5,26.5,24.9,0.225,195.8,1.0,0.0,0.0,1.0,0.0,0.0,24.8,0.0,0.225,0.0,0.225,0.0,0.225
584,17540.0,26.3,24.6,26.5,26.5,24.9,0.225,195.8,1.0,0.0,0.0,1.0,0.0,0.0,24.8,0.0,0.225,0.0,0.225,0.0,0.225
585,17553.0,26.3,24.6,26.5,26.5,24.9,0.225,195.8,1.0,0.0,0.0,1.0,0.0,0.0,24.8,0.0,0.225,0.0,0.225,0.0,0.225
586,17566.0,26.3,24.6,26.5,26.5,24.9,0.225,195.8,1.0,0.0,0.0,1.0,0.0,0.0,24.8,0.0,0.225,0.0,0.225,0.0,0.225
587,17579.0,26.3,24.6,26.5,26.5,24.9,0.225,195.8,1.0,0.0,0.0,1.0,0.0,0.0,24.8,0.0,0.225,0.0,0.225,0.0,0.225
588,17592.0,26.3,24.6,26.5,26.5,24.9,0.225,195.8,1.0,0.0,0.0,1.0,0.0,0.0,24.8,0.0,0.225,0.0,0.225,0.0,0.225
589,17605.0,26.3,24.6,26.5,26.5,24.9,0.225,195.8,1.0,0.0,0.0,1.0,0.0,0.0,24.8,0.0,0.225,0.0,0.225,0.0,0.225
590,17618.0,26.3,24.6,26.5,26.5,24.9,0.225,195.8,1.0,0.0,0.0,1.0,0.0,0.0,24.8,0.0,0.225,0.0,0.225,0.0,0.225
591,17631.0,26.3,24.6,26.5,26.5,25.1,0.225,195.8,1.0,0.0,0.0,1.0,0.0,0.0,24.8,0.0,0.225,0.0,0.225,0.0,0.225
592,17644.0,26.5,24.6,26.5,26.5,24.9,0.225,195.8,1.0,0.0,0.0,1.0,0.0,0.0,24.8,0.0,0.225,0.0,0.225,0.0,0.225
593,17657.0,26.3,24.6,26.5,26.5,24.9,0.225,195.8,1.0,0.0,0.0,1.0,0.0,0.0,24.8,0.0,0.225,0.0,0.225,0.0,0.225
594,17670.0,26.3,24.6,26.5,26.5,25.1,0.225,195.8,1.0,0.0,0.0,1.0,0.0,0.0,24.8,0.0,0.225,0.0,0.225,0.0,0.225
595,17683.0,26.3,24.6,26.5,26.5,25.1,0.225,195.8,1.0,0.0,0.0,1.0,0.0,0.0,24.8,0.0,0.225,0.0,0.225,0.0,0.225
596,17696.0,26.3,24.6,26.5,26.5,24.9,0.225,195.8,1.0,0.0,0.0,1.0,0.0,0.0,24.8,0.0,0.225,0.0,0.225,0.0,0.225
597,17709.0,26.3,24.6,26.5,26.5,24.9,0.225,195.8,1.0,0.0,0.0,1.0,0.0,0.0,24.8,0.0,0.225,0.0,0.225,0.0,0.225
598,17722.0,26.3,24.6,26.5,26.5,25.1,0.225,195.8,1.0,0.0,0.0,1.0,0.0,0.0,24.8,0.0,0.225,0.0,0.225,0.0,0.225
599,17735.0,26.3,24.6,26.5,26.5,24.9,0.225,195.8,1.0,0.0,0.0,1.0,0.0,0.0,24.8,0.0,0.225,0.0,0.225,0.0,0.225
600,17748.0,26.3,24.6,26.5,26.5,25.1,0.225,195.8,1.0,0.0,0.0,1.0,0.0,0.0,24.8,0.0,0.225,0.0,0.225,0.0,0.225
601,17761.0,26.3,24.6,26.5,26.5,24.9,0.225,195.8,1.0,0.0,0.0,1.0,0.0,0.0,24.8,0.0,0.225,0.0,0.225,0.0,0.225
602,17774.0,26.3,24.6,26.5,26.5,25.1,0.225,195.8,1.0,0.0,0.0,1.0,0.0,0.0,24.8,0.0,0.225,0.0,0.225,0.0,0.225
603,17787.0,26.3,24.6,26.5,26.5,24.9,0.225,195.8,1.0,0.0,0.0,1.0,0.0,0.0,24.8,0.0,0.225,0.0,0.225,0.0,0.225
604,17800.0,26.3,24.6,26.5,26.5,24.9,0.225,195.8,1.0,0.0,0.0,1.0,0.0,0.0,24.8,0.0,0.225,0.0,0.225,0.0,0.225
605,17813.0,26.3,24.6,26.5,26.5,24.9,0.225,195.8,1.0,0.0,0.0,1.0,0.0,0.0,24.8,0.0,0.225,0.0,0.225,0.0,0.225
606,17826.0,26.3,24.6,26.5,26.5,25.1,0.225,195.8,1.0,0.0,0.0,1.0,0.0,0.0,24.8,0.0,0.225,0.0,0.225,0.0,0.225
607,17839.0,26.3,24.6,26.5,26.5,24.9,0.225,195.8,1.0,0.0,0.0,1.0,0.0,0.0,24.8,0.0,0.225,0.0,0.225,0.0,0.225
608,17852.0,26.3,24.6,26.5,26.5,25.1,0.225,195.8,1.0,0.0,0.0,1.0,0.0,0.0,24.8,0.0,0.225,0.0,0.225,0.0,0.225
609,17865.0,26.3,24.6,26.5,26.5,24.9,0.225,195.8,1.0,0.0,0.0,1.0,0.0,0.0,24.8,0.0,0.225,0.0,0.225,0.0,0.225
610,17878.0,26.3,24.6,26.5,26.5,25.1,0.225,195.8,1.0,0.0,0.0,1.0,0.0,0.0,24.8,0.0,0.225,0.0,0.225,0.0,0.225
611,17891.0,26.3,24.6,26.5,26.5,25.1,0.225,195.8,1.0,0.0,0.0,1.0,0.0,0.0,24.8,0.0,0.225,0.0,0.225,0.0,0.225
612,17904.0,26.3,24.6,26.5,26.5,25.1,0.225,195.8,1.0,0.0,0.0,1.0,0.0,0.0,24.8,0.0,0.225,0.0,0.225,0.0,0.225
613,17917.0,26.3,24.6,26.5,26.5,25.1,0.225,195.8,1.0,0.0,0.0,1.0,0.0,0.0,24.8,0.0,0.225,0.0,0.225,0.0,0.225
614,17930.0,26.3,24.6,26.5,26.5,25.1,0.225,195.8,1.0,0.0,0.0,1.0,0.0,0.0,24.8,0.0,0.225,0.0,0.225,0.0,0.225
615,17943.0,26.3,24.6,26.5,26.5,25.1,0.225,195.8,1.0,0.0,0.0,1.0,0.0,0.0,24.8,0.0,0.225,0.0,0.225,0.0,0.225
616,17956.0,26.3,24.6,26.5,26.5,24.9,0.225,195.8,1.0,0.0,0.0,1.0,0.0,0.0,24.8,0.0,0.225,0.0,0.225,0.0,0.225
617,17969.0,26.3,24.6,26.3,26.5,24.9,0.225,195.8,1.0,0.0,0.0,1.0,0.0,0.0,24.8,0.0,0.225,0.0,0.225,0.0,0.225
618,17982.0,26.3,24.6,26.3,26.5,24.9,0.225,195.8,1.0,0.0,0.0,1.0,0.0,0.0,24.8,0.0,0.225,0.0,0.225,0.0,0.225
619,17995.0,26.3,24.6,26.3,26.5,24.9,0.225,195.8,1.0,0.0,0.0,1.0,0.0,0.0,24.8,0.0,0.225,0.0,0.225,0.0,0.225
620,18008.0,26.3,24.6,26.3,26.5,25.1,0.225,195.8,1.0,0.0,0.0,1.0,0.0,0.0,24.8,0.0,0.225,0.0,0.225,0.0,0.225
621,18021.0,26.3,24.6,26.3,26.5,25.1,0.225,195.8,1.0,0.0,0.0,1.0,0.0,0.0,24.8,0.0,0.225,0.0,0.225,0.0,0.225
622,18034.0,26.3,24.6,26.3,26.5,25.1,0.225,196.1,1.0,0.0,0.0,1.0,0.0,0.0,24.8,0.0,0.225,0.0,0.225,0.0,0.225
623,18047.0,26.3,24.6,26.3,26.5,25.1,0.225,196.1,1.0,0.0,0.0,1.0,0.0,0.0,24.8,0.0,0.225,0.0,0.225,0.0,0.225
624,18060.0,26.3,24.6,26.3,26.5,25.1,0.225,196.1,1.0,0.0,0.0,1.0,0.0,0.0,24.8,0.0,0.225,0.0,0.225,0.0,0.225
625,18073.0,26.3,24.6,26.3,26.5,25.1,0.225,196.1,1.0,0.0,0.0,1.0,0.0,0.0,24.8,0.0,0.225,0.0,0.225,0.0,0.225
626,18086.0,26.3,24.6,26.3,26.5,25.1,0.225,196.1,1.0,0.0,0.0,1.0,0.0,0.0,24.8,0.0,0.225,0.0,0.225,0.0,0.225
627,18099.0,26.3,24.6,26.3,26.5,25.1,0.225,196.1,1.0,0.0,0.0,1.0,0.0,0.0,24.8,0.0,0.225,0.0,0.225,0.0,0.225
628,18112.0,26.3,24.6,26.3,26.5,24.9,0.225,196.1,1.0,0.0,0.0,1.0,0.0,0.0,24.8,0.0,0.225,0.0,0.225,0.0,0.225
629,18125.0,26.0,24.6,26.3,26.5,25.1,0.225,196.1,1.0,0.0,0.0,1.0,0.0,0.0,24.8,0.0,0.225,0.0,0.225,0.0,0.225
630,18138.0,26.3,24.6,26.3,26.5,25.1,0.225,196.1,1.0,0.0,0.0,1.0,0.0,0.0,24.8,0.0,0.225,0.0,0.225,0.0,0.225
631,18151.0,26.3,24.6,26.3,26.5,25.1,0.225,196.1,1.0,0.0,0.0,1.0,0.0,0.0,24.8,0.0,0.225,0.0,0.225,0.0,0.225
632,18164.0,26.3,24.6,26.3,26.5,25.1,0.225,196.1,1.0,0.0,0.0,1.0,0.0,0.0,24.8,0.0,0.225,0.0,0.225,0.0,0.225
633,18177.0,26.3,24.6,26.3,26.5,25.1,0.225,196.1,1.0,0.0,0.0,1.0,0.0,0.0,24.8,0.0,0.225,0.0,0.225,0.0,0.225
634,18190.0,26.3,24.6,26.3,26.5,25.1,0.225,196.1,1.0,0.0,0.0,1.0,0.0,0.0,24.8,0.0,0.225,0.0,0.225,0.0,0.225
635,18203.0,26.3,24.6,26.3,26.5,25.1,0.225,196.1,1.0,0.0,0.0,1.0,0.0,0.0,24.8,0.0,0.225,0.0,0.225,0.0,0.225
636,18216.0,26.3,24.6,26.3,26.5,25.1,0.225,196.1,1.0,0.0,0.0,1.0,0.0,0.0,24.8,0.0,0.225,0.0,0.225,0.0,0.225
637,18229.0,26.3,24.6,26.3,26.5,25.1,0.225,196.1,1.0,0.0,0.0,1.0,0.0,0.0,24.8,0.0,0.225,0.0,0.225,0.0,0.225
638,18242.0,26.0,24.6,26.3,26.5,25.1,0.225,196.1,1.0,0.0,0.0,1.0,0.0,0.0,24.8,0.0,0.225,0.0,0.225,0.0,0.225
639,18255.0,26.3,24.6,26.3,26.5,25.1,0.225,196.1,1.0,0.0,0.0,1.0,0.0,0.0,24.8,0.0,0.225,0.0,0.225,0.0,0.225
640,18268.0,26.3,24.6,26.3,26.5,25.1,0.225,196.1,1.0,0.0,0.0,1.0,0.0,0.0,24.8,0.0,0.225,0.0,0.225,0.0,0.225
641,18281.0,26.3,24.6,26.3,26.5,25.1,0.225,196.1,1.0,0.0,0.0,1.0,0.0,0.0,24.8,0.0,0.225,0.0,0.225,0.0,0.225
642,18294.0,26.3,24.6,26.3,26.5,25.1,0.225,196.1,1.0,0.0,0.0,1.0,0.0,0.0,24.8,0.0,0.225,0.0,0.225,0.0,0.225
643,18307.0,26.0,24.6,26.3,26.5,25.1,0.225,196.1,1.0,0.0,0.0,1.0,0.0,0.0,24.8,0.0,0.225,0.0,0.225,0.0,0.225
644,18320.0,26.0,24.6,26.3,26.5,25.1,0.225,196.1,1.0,0.0,0.0,1.0,0.0,0.0,24.8,0.0,0.225,0.0,0.225,0.0,0.225
645,18333.0,26.3,24.6,26.3,26.5,25.1,0.225,196.1,1.0,0.0,0.0,1.0,0.0,0.0,24.8,0.0,0.225,0.0,0.225,0.0,0.225
646,18346.0,26.0,24.6,26.3,26.5,25.1,0.225,196.1,1.0,0.0,0.0,1.0,0.0,0.0,24.8,0.0,0.225,0.0,0.225,0.0,0.225
647,18359.0,26.0,24.6,26.3,26.5,25.1,0.225,196.1,1.0,0.0,0.0,1.0,0.0,0.0,24.8,0.0,0.225,0.0,0.225,0.0,0.225
648,18372.0,26.0,24.6,26.3,26.5,25.1,0.225,196.1,1.0,0.0,0.0,1.0,0.0,0.0,24.8,0.0,0.225,0.0,0.225,0.0,0.225
649,18385.0,26.0,24.6,26.3,26.5,25.1,0.225,196.1,1.0,0.0,0.0,1.0,0.0,0.0,24.8,0.0,0.225,0.0,0.225,0.0,0.225
650,18398.0,26.0,24.6,26.3,26.5,25.1,0.225,196.1,1.0,0.0,0.0,1.0,0.0,0.0,24.8,0.0,0.225,0.0,0.225,0.0,0.225
651,18411.0,26.0,24.6,26.3,26.5,25.1,0.225,196.1,1.0,0.0,0.0,1.0,0.0,0.0,24.8,0.0,0.225,0.0,0.225,0.0,0.225
652,18424.0,26.0,24.6,26.3,26.5,25.1,0.225,196.1,1.0,0.0,0.0,1.0,0.0,0.0,24.8,0.0,0.225,0.0,0.225,0.0,0.225
653,18437.0,26.0,24.6,26.3,26.3,25.1,0.225,196.1,1.0,0.0,0.0,1.0,0.0,0.0,24.8,0.0,0.225,0.0,0.225,0.0,0.225
654,18450.0,26.0,24.6,26.3,26.3,25.1,0.225,196.1,1.0,0.0,0.0,1.0,0.0,0.0,24.8,0.0,0.225,0.0,0.225,0.0,0.225
655,18463.0,26.0,24.6,26.3,26.3,25.1,0.225,196.1,1.0,0.0,0.0,1.0,0.0,0.0,24.8,0.0,0.225,0.0,0.225,0.0,0.225
656,18476.0,26.0,24.6,26.3,26.3,25.1,0.225,196.1,1.0,0.0,0.0,1.0,0.0,0.0,24.8,0.0,0.225,0.0,0.225,0.0,0.225
657,18489.0,26.0,24.6,26.3,26.3,25.1,0.225,196.1,1.0,0.0,0.0,1.0,0.0,0.0,24.8,0.0,0.225,0.0,0.225,0.0,0.225
658,18502.0,26.0,24.6,26.3,26.3,25.1,0.225,196.1,1.0,0.0,0.0,1.0,0.0,0.0,24.8,0.0,0.225,0.0,0.225,0.0,0.225
659,18515.0,26.0,24.6,26.3,26.3,25.1,0.225,196.1,1.0,0.0,0.0,1.0,0.0,0.0,24.8,0.0,0.225,0.0,0.225,0.0,0.225
660,18528.0,26.0,24.6,26.3,26.3,25.1,0.225,196.1,1.0,0.0,0.0,1.0,0.0,0.0,24.8,0.0,0.225,0.0,0.225,0.0,0.225
661,18541.0,26.0,24.6,26.3,26.3,25.1,0.225,196.1,1.0,0.0,0.0,1.0,0.0,0.0,24.8,0.0,0.225,0.0,0.225,0.0,0.225
662,18554.0,26.0,24.6,26.3,26.3,25.1,0.225,196.1,1.0,0.0,0.0,1.0,0.0,0.0,24.8,0.0,0.225,0.0,0.225,0.0,0.225
663,18567.0,26.0,24.6,26.3,26.3,25.1,0.225,196.1,1.0,0.0,0.0,1.0,0.0,0.0,24.8,0.0,0.225,0.0,0.225,0.0,0.225
664,18580.0,26.0,24.6,26.3,26.3,25.1,0.225,196.1,1.0,0.0,0.0,1.0,0.0,0.0,24.8,0.0,0.225,0.0,0.225,0.0,0.225
665,18593.0,26.0,24.6,26.3,26.3,25.1,0.225,196.1,1.0,0.0,0.0,1.0,0.0,0.0,24.8,0.0,0.225,0.0,0.225,0.0,0.225
666,18606.0,26.0,24.6,26.3,26.3,25.1,0.225,196.1,1.0,0.0,0.0,1.0,0.0,0.0,24.8,0.0,0.225,0.0,0.225,0.0,0.225
667,36482.0,26.0,24.9,26.1,26.3,24.7,0.0,203.1,0.0,0.0,0.0,0.0,0.0,0.0,24.3,0.0,0.0,0.0,0.0,0.0,0.0
668,36495.0,26.0,24.9,26.1,26.3,24.7,0.0,195.5,0.0,0.0,0.0,0.0,0.0,0.0,24.3,0.0,0.0,0.0,0.0,0.0,0.0
669,36508.0,26.0,24.9,26.1,26.3,24.7,0.0,195.5,0.0,0.0,0.0,0.0,0.0,0.0,24.3,0.0,0.0,0.0,0.0,0.0,0.0
670,36521.0,26.0,24.9,26.1,26.3,24.7,0.225,195.5,1.0,0.0,0.0,1.0,0.0,0.0,24.3,0.0,0.225,0.0,0.225,0.0,0.225
671,36534.0,26.0,24.9,26.1,26.3,24.2,0.225,195.5,1.0,0.0,0.0,1.0,0.0,0.0,24.3,0.0,0.225,0.0,0.225,0.0,0.225
672,36547.0,26.0,24.9,26.1,26.3,24.2,0.225,195.2,1.0,0.0,0.0,1.0,0.0,0.0,24.3,0.0,0.225,0.0,0.225,0.0,0.225
673,36560.0,26.0,24.9,26.1,26.3,24.2,0.225,195.2,1.0,0.0,0.0,1.0,0.0,0.0,24.3,0.0,0.225,0.0,0.225,0.0,0.225
674,36573.0,26.0,24.9,26.1,26.3,24.4,0.225,195.2,1.0,0.0,0.0,1.0,0.0,0.0,24.3,0.0,0.225,0.0,0.225,0.0,0.225
675,36586.0,26.0,24.9,26.1,26.3,24.4,0.225,195.2,1.0,0.0,0.0,1.0,0.0,0.0,24.3,0.0,0.225,0.0,0.225,0.0,0.225
676,36599.0,26.0,24.9,26.1,26.3,24.4,0.225,195.2,1.0,0.0,0.0,1.0,0.0,0.0,24.3,0.0,0.225,0.0,0.225,0.0,0.225
677,36612.0,26.0,24.9,26.1,26.3,24.4,0.0,195.2,1.0,0.0,0.0,1.0,0.0,0.0,24.3,0.0,0.0,0.0,0.0,0.0,0.0
678,36625.0,26.0,24.9,26.1,26.3,24.4,0.0,195.2,1.0,0.0,0.0,1.0,0.0,0.0,24.3,0.0,0.0,0.0,0.0,0.0,0.0
679,36638.0,26.0,24.9,26.1,26.3,24.4,0.0,195.2,1.0,0.0,0.0,1.0,0.0,0.0,24.3,0.0,0.0,0.0,0.0,0.0,0.0
680,36651.0,26.0,24.9,26.1,26.3,24.4,0.0,195.2,1.0,0.0,0.0,1.0,0.0,0.0,24.3,0.0,0.0,0.0,0.0,0.0,0.0
681,36664.0,26.0,24.9,26.1,26.3,24.4,0.0,195.2,1.0,0.0,0.0,1.0,0.0,0.0,24.3,0.0,0.0,0.0,0.0,0.0,0.0
682,36677.0,26.0,24.9,26.1,26.3,24.4,0.0,195.2,1.0,0.0,0.0,1.0,0.0,0.0,24.3,0.0,0.0,0.0,0.0,0.0,0.0
683,36690.0,26.0,24.9,26.1,26.3,24.4,0.0,195.2,1.0,0.0,0.0,1.0,0.0,0.0,24.3,0.0,0.0,0.0,0.0,0.0,0.0
684,36703.0,26.0,24.9,26.1,26.3,24.4,0.0,195.2,1.0,0.0,0.0,1.0,0.0,0.0,24.3,0.0,0.0,0.0,0.0,0.0,0.0
685,36716.0,26.0,24.9,26.1,26.3,24.4,0.0,195.2,1.0,0.0,0.0,1.0,0.0,0.0,24.3,0.0,0.0,0.0,0.0,0.0,0.0
686,36729.0,26.0,24.9,26.1,26.3,24.4,0.0,195.2,1.0,0.0,0.0,1.0,0.0,0.0,24.3,0.0,0.0,0.0,0.0,0.0,0.0
687,36742.0,26.0,24.9,26.1,26.3,24.4,0.0,195.2,1.0,0.0,0.0,1.0,0.0,0.0,24.3,0.0,0.0,0.0,0.0,0.0,0.0
688,36755.0,26.0,24.9,26.1,26.3,24.4,0.0,195.2,1.0,0.0,0.0,1.0,0.0,0.0,24.3,0.0,0.0,0.0,0.0,0.0,0.0
689,36768.0,26.0,24.9,26.1,26.3,24.4,0.0,195.2,1.0,0.0,0.0,1.0,0.0,0.0,24.3,0.0,0.0,0.0,0.0,0.0,0.0
690,36781.0,26.0,24.9,26.1,26.3,24.4,0.0,195.2,1.0,0.0,0.0,1.0,0.0,0.0,24.3,0.0,0.0,0.0,0.0,0.0,0.0
691,36794.0,26.0,24.9,26.1,26.3,24.4,0.0,195.2,1.0,0.0,0.0,1.0,0.0,0.0,24.3,0.0,0.0,0.0,0.0,0.0,0.0
692,36807.0,26.0,24.9,26.1,26.3,24.4,0.0,195.2,1.0,0.0,0.0,1.0,0.0,0.0,24.3,0.0,0.0,0.0,0.0,0.0,0.0
693,36820.0,26.0,24.9,26.1,26.3,24.4,0.0,195.2,1.0,0.0,0.0,1.0,0.0,0.0,24.3,0.0,0.0,0.0,0.0,0.0,0.0
694,36833.0,26.0,24.9,26.1,26.3,24.4,0.0,195.2,1.0,0.0,0.0,1.0,0.0,0.0,24.3,0.0,0.0,0.0,0.0,0.0,0.0
695,36846.0,26.0,24.9,26.1,26.3,24.4,0.0,195.2,1.0,0.0,0.0,1.0,0.0,0.0,24.3,0.0,0.0,0.0,0.0,0.0,0.0
696,36859.0,26.0,24.9,26.1,26.3,24.4,0.0,195.2,1.0,0.0,0.0,1.0,0.0,0.0,24.0,0.0,0.0,0.0,0.0,0.0,0.0
697,36872.0,26.0,24.9,26.1,26.3,24.4,0.0,195.2,1.0,0.0,0.0,1.0,0.0,0.0,24.3,0.0,0.0,0.0,0.0,0.0,0.0
698,36885.0,26.0,24.9,26.1,26.3,24.4,0.0,195.2,1.0,0.0,0.0,1.0,0.0,0.0,24.3,0.0,0.0,0.0,0.0,0.0,0.0
699,36898.0,26.0,24.9,26.1,26.3,24.4,0.0,195.2,1.0,0.0,0.0,1.0,0.0,0.0,24.3,0.0,0.0,0.0,0.0,0.0,0.0
700,36911.0,26.0,24.9,26.1,26.3,24.4,0.0,195.2,1.0,0.0,0.0,1.0,0.0,0.0,24.0,0.0,0.0,0.0,0.0,0.0,0.0
701,36924.0,26.0,24.9,26.1,26.3,24.4,0.0,195.2,1.0,0.0,0.0,1.0,0.0,0.0,24.3,0.0,0.0,0.0,0.0,0.0,0.0
702,36937.0,26.0,24.9,26.1,26.3,24.4,0.0,195.5,1.0,0.0,0.0,1.0,0.0,0.0,24.3,0.0,0.0,0.0,0.0,0.0,0.0
703,36950.0,26.0,24.9,26.1,26.3,24.4,0.0,195.5,1.0,0.0,0.0,1.0,0.0,0.0,24.3,0.0,0.0,0.0,0.0,0.0,0.0
704,36963.0,26.0,24.9,26.1,26.3,24.4,0.0,195.5,1.0,0.0,0.0,1.0,0.0,0.0,24.0,0.0,0.0,0.0,0.0,0.0,0.0
705,36976.0,26.0,24.9,26.1,26.3,24.4,0.0,195.5,1.0,0.0,0.0,1.0,0.0,0.0,24.3,0.0,0.0,0.0,0.0,0.0,0.0
706,36989.0,26.0,24.9,26.1,26.3,24.4,0.0,195.5,1.0,0.0,0.0,1.0,0.0,0.0,24.0,0.0,0.0,0.0,0.0,0.0,0.0
707,37002.0,25.8,24.9,26.1,26.3,24.4,0.0,195.5,1.0,0.0,0.0,1.0,0.0,0.0,24.3,0.0,0.0,0.0,0.0,0.0,0.0
708,37015.0,26.0,24.9,26.1,26.3,24.4,0.0,195.5,1.0,0.0,0.0,1.0,0.0,0.0,24.3,0.0,0.0,0.0,0.0,0.0,0.0
709,37028.0,26.0,24.9,26.1,26.3,24.4,0.0,195.5,1.0,0.0,0.0,1.0,0.0,0.0,24.3,0.0,0.0,0.0,0.0,0.0,0.0
710,37041.0,26.0,24.9,26.1,26.3,24.4,0.0,195.5,1.0,0.0,0.0,1.0,0.0,0.0,24.0,0.0,0.0,0.0,0.0,0.0,0.0
711,37054.0,26.0,24.9,26.1,26.3,24.4,0.0,195.5,1.0,0.0,0.0,1.0,0.0,0.0,24.0,0.0,0.0,0.0,0.0,0.0,0.0
712,37067.0,26.0,24.9,26.1,26.3,24.4,0.0,195.5,1.0,0.0,0.0,1.0,0.0,0.0,24.0,0.0,0.0,0.0,0.0,0.0,0.0
713,37080.0,26.0,24.9,26.1,26.3,24.4,0.0,195.5,1.0,0.0,0.0,1.0,0.0,0.0,24.3,0.0,0.0,0.0,0.0,0.0,0.0
714,37093.0,26.0,24.9,26.1,26.3,24.4,0.0,195.5,1.0,0.0,0.0,1.0,0.0,0.0,24.0,0.0,0.0,0.0,0.0,0.0,0.0
715,37106.0,26.0,24.9,26.1,26.3,24.4,0.0,195.5,1.0,0.0,0.0,1.0,0.0,0.0,24.0,0.0,0.0,0.0,0.0,0.0,0.0
716,37119.0,26.0,24.9,26.1,26.3,24.4,0.0,195.5,1.0,0.0,0.0,1.0,0.0,0.0,24.0,0.0,0.0,0.0,0.0,0.0,0.0
717,37132.0,26.0,24.9,26.1,26.3,24.4,0.0,195.5,1.0,0.0,0.0,1.0,0.0,0.0,24.0,0.0,0.0,0.0,0.0,0.0,0.0
718,37145.0,26.0,24.9,26.1,26.3,24.4,0.0,195.5,1.0,0.0,0.0,1.0,0.0,0.0,24.0,0.0,0.0,0.0,0.0,0.0,0.0
719,37158.0,25.8,24.9,26.1,26.3,24.4,0.0,195.5,1.0,0.0,0.0,1.0,0.0,0.0,24.0,0.0,0.0,0.0,0.0,0.0,0.0
720,37171.0,26.0,24.9,26.1,26.3,24.4,0.0,195.5,1.0,0.0,0.0,1.0,0.0,0.0,24.0,0.0,0.0,0.0,0.0,0.0,0.0
721,37184.0,26.0,24.9,26.1,26.3,24.4,0.0,195.5,1.0,0.0,0.0,1.0,0.0,0.0,24.3,0.0,0.0,0.0,0.0,0.0,0.0
722,37197.0,26.0,24.9,26.1,26.3,24.4,0.0,195.5,1.0,0.0,0.0,1.0,0.0,0.0,24.0,0.0,0.0,0.0,0.0,0.0,0.0
723,37210.0,26.0,24.9,26.1,26.3,24.4,0.0,195.5,1.0,0.0,0.0,1.0,0.0,0.0,24.0,0.0,0.0,0.0,0.0,0.0,0.0
724,37223.0,25.8,24.9,26.1,26.3,24.4,0.0,195.5,1.0,0.0,0.0,1.0,0.0,0.0,24.0,0.0,0.0,0.0,0.0,0.0,0.0
725,37236.0,26.0,24.9,26.1,26.3,24.4,0.0,195.5,1.0,0.0,0.0,1.0,0.0,0.0,24.0,0.0,0.0,0.0,0.0,0.0,0.0
726,37249.0,26.0,24.9,26.1,26.3,24.4,0.0,195.5,1.0,0.0,0.0,1.0,0.0,0.0,24.3,0.0,0.0,0.0,0.0,0.0,0.0
727,37262.0,25.8,24.9,26.1,26.3,24.4,0.0,195.5,1.0,0.0,0.0,1.0,0.0,0.0,24.3,0.0,0.0,0.0,0.0,0.0,0.0
728,37275.0,26.0,24.9,26.1,26.3,24.4,0.0,195.5,1.0,0.0,0.0,1.0,0.0,0.0,24.3,0.0,0.0,0.0,0.0,0.0,0.0
729,37288.0,25.8,24.9,26.1,26.3,24.4,0.0,195.5,1.0,0.0,0.0,1.0,0.0,0.0,24.3,0.0,0.0,0.0,0.0,0.0,0.0
730,37301.0,26.0,24.9,26.1,26.3,24.4,0.0,195.5,1.0,0.0,0.0,1.0,0.0,0.0,24.3,0.0,0.0,0.0,0.0,0.0,0.0
731,37314.0,26.0,24.9,26.1,26.3,24.4,0.0,195.5,1.0,0.0,0.0,1.0,0.0,0.0,24.3,0.0,0.0,0.0,0.0,0.0,0.0
732,37327.0,26.0,24.9,26.1,26.3,24.4,0.0,195.5,1.0,0.0,0.0,1.0,0.0,0.0,24.3,0.0,0.0,0.0,0.0,0.0,0.0
733,37340.0,26.0,24.9,26.1,26.3,24.4,0.0,195.5,1.0,0.0,0.0,1.0,0.0,0.0,24.3,0.0,0.0,0.0,0.0,0.0,0.0
734,37353.0,26.0,24.9,26.1,26.3,24.4,0.0,195.5,1.0,0.0,0.0,1.0,0.0,0.0,24.3,0.0,0.0,0.0,0.0,0.0,0.0
735,37366.0,26.0,24.9,26.1,26.3,24.4,0.0,195.5,1.0,0.0,0.0,1.0,0.0,0.0,24.3,0.0,0.0,0.0,0.0,0.0,0.0
736,37379.0,26.0,24.9,26.1,26.3,24.4,0.0,195.5,1.0,0.0,0.0,1.0,0.0,0.0,24.3,0.0,0.0,0.0,0.0,0.0,0.0
737,37392.0,25.8,24.9,26.1,26.3,24.4,0.0,195.5,1.0,0.0,0.0,1.0,0.0,0.0,24.3,0.0,0.0,0.0,0.0,0.0,0.0
738,37405.0,26.0,24.9,26.1,26.3,24.4,0.0,195.5,1.0,0.0,0.0,1.0,0.0,0.0,24.3,0.0,0.0,0.0,0.0,0.0,0.0
739,37418.0,26.0,24.9,26.1,26.3,24.4,0.0,195.5,1.0,0.0,0.0,1.0,0.0,0.0,24.3,0.0,0.0,0.0,0.0,0.0,0.0
740,37431.0,25.8,24.9,26.1,26.3,24.4,0.0,195.8,1.0,0.0,0.0,1.0,0.0,0.0,24.3,0.0,0.0,0.0,0.0,0.0,0.0
741,37444.0,26.0,24.9,26.1,26.3,24.4,0.0,195.5,1.0,0.0,0.0,1.0,0.0,0.0,24.3,0.0,0.0,0.0,0.0,0.0,0.0
742,37457.0,25.8,24.9,26.1,26.3,24.4,0.0,195.5,1.0,0.0,0.0,1.0,0.0,0.0,24.3,0.0,0.0,0.0,0.0,0.0,0.0
743,37470.0,25.8,24.9,26.1,26.3,24.4,0.0,195.5,1.0,0.0,0.0,1.0,0.0,0.0,24.3,0.0,0.0,0.0,0.0,0.0,0.0
744,37483.0,26.0,24.9,26.1,26.3,24.4,0.0,195.5,1.0,0.0,0.0,1.0,0.0,0.0,24.3,0.0,0.0,0.0,0.0,0.0,0.0
745,37496.0,26.0,24.9,26.1,26.3,24.4,0.0,195.5,1.0,0.0,0.0,1.0,0.0,0.0,24.3,0.0,0.0,0.0,0.0,0.0,0.0
746,37509.0,25.8,24.9,26.1,26.3,24.4,0.0,195.5,1.0,0.0,0.0,1.0,0.0,0.0,24.3,0.0,0.0,0.0,0.0,0.0,0.0
747,37522.0,26.0,24.9,26.1,26.1,24.4,0.0,195.5,1.0,0.0,0.0,1.0,0.0,0.0,24.3,0.0,0.0,0.0,0.0,0.0,0.0
748,37535.0,26.0,24.9,26.1,26.3,24.4,0.0,195.8,1.0,0.0,0.0,1.0,0.0,0.0,24.3,0.0,0.0,0.0,0.0,0.0,0.0
749,37548.0,26.0,24.9,26.1,26.3,24.4,0.0,195.8,1.0,0.0,0.0,1.0,0.0,0.0,24.3,0.0,0.0,0.0,0.0,0.0,0.0
750,37561.0,25.8,24.9,26.1,26.3,24.4,0.0,195.8,1.0,0.0,0.0,1.0,0.0,0.0,24.3,0.0,0.0,0.0,0.0,0.0,0.0
751,37574.0,26.0,24.9,26.1,26.3,24.4,0.0,195.8,1.0,0.0,0.0,1.0,0.0,0.0,24.3,0.0,0.0,0.0,0.0,0.0,0.0
752,37587.0,26.0,24.9,26.1,26.3,24.4,0.0,195.8,1.0,0.0,0.0,1.0,0.0,0.0,24.3,0.0,0.0,0.0,0.0,0.0,0.0
753,37600.0,26.0,24.9,26.1,26.3,24.4,0.0,195.8,1.0,0.0,0.0,1.0,0.0,0.0,24.3,0.0,0.0,0.0,0.0,0.0,0.0
754,37613.0,26.0,24.9,26.1,26.3,24.4,0.0,195.8,1.0,0.0,0.0,1.0,0.0,0.0,24.3,0.0,0.0,0.0,0.0,0.0,0.0
755,37626.0,25.8,24.9,26.1,26.3,24.4,0.0,195.8,1.0,0.0,0.0,1.0,0.0,0.0,24.3,0.0,0.0,0.0,0.0,0.0,0.0
756,37639.0,26.0,24.9,26.1,26.3,24.4,0.0,195.8,1.0,0.0,0.0,1.0,0.0,0.0,24.3,0.0,0.0,0.0,0.0,0.0,0.0
757,37652.0,25.8,24.9,26.1,26.3,24.4,0.0,195.8,1.0,0.0,0.0,1.0,0.0,0.0,24.3,0.0,0.0,0.0,0.0,0.0,0.0
758,37665.0,26.0,24.9,26.1,26.3,24.4,0.0,195.8,1.0,0.0,0.0,1.0,0.0,0.0,24.3,0.0,0.0,0.0,0.0,0.0,0.0
759,37678.0,26.0,24.9,26.1,26.3,24.4,0.0,195.8,1.0,0.0,0.0,1.0,0.0,0.0,24.3,0.0,0.0,0.0,0.0,0.0,0.0
760,37691.0,25.8,24.9,26.1,26.3,24.4,0.0,195.8,1.0,0.0,0.0,1.0,0.0,0.0,24.3,0.0,0.0,0.0,0.0,0.0,0.0
761,37704.0,25.8,24.9,26.1,26.3,24.4,0.0,195.8,1.0,0.0,0.0,1.0,0.0,0.0,24.3,0.0,0.0,0.0,0.0,0.0,0.0
762,37717.0,26.0,24.9,26.1,26.3,24.4,0.0,195.8,1.0,0.0,0.0,1.0,0.0,0.0,24.3,0.0,0.0,0.0,0.0,0.0,0.0
763,37730.0,26.0,24.9,26.1,26.3,24.4,0.0,195.8,1.0,0.0,0.0,1.0,0.0,0.0,24.3,0.0,0.0,0.0,0.0,0.0,0.0
764,37743.0,25.8,24.9,26.1,26.3,24.4,0.0,195.8,1.0,0.0,0.0,1.0,0.0,0.0,24.3,0.0,0.0,0.0,0.0,0.0,0.0
765,37756.0,25.8,24.9,26.1,26.3,24.4,0.0,195.8,1.0,0.0,0.0,1.0,0.0,0.0,24.3,0.0,0.0,0.0,0.0,0.0,0.0
766,37769.0,25.8,24.9,26.1,26.3,24.4,0.0,195.8,1.0,0.0,0.0,1.0,0.0,0.0,24.3,0.0,0.0,0.0,0.0,0.0,0.0
767,37782.0,26.0,24.9,26.1,26.3,24.4,0.0,195.8,1.0,0.0,0.0,1.0,0.0,0.0,24.3,0.0,0.0,0.0,0.0,0.0,0.0
768,37795.0,26.0,24.9,26.1,26.3,24.4,0.0,195.8,1.0,0.0,0.0,1.0,0.0,0.0,24.3,0.0,0.0,0.0,0.0,0.0,0.0
769,37808.0,25.8,24.9,26.1,26.3,24.4,0.0,195.8,1.0,0.0,0.0,1.0,0.0,0.0,24.3,0.0,0.0,0.0,0.0,0.0,0.0
770,37821.0,26.0,24.9,26.1,26.3,24.4,0.0,195.8,1.0,0.0,0.0,1.0,0.0,0.0,24.3,0.0,0.0,0.0,0.0,0.0,0.0
771,37834.0,26.0,24.9,26.1,26.3,24.4,0.0,195.8,1.0,0.0,0.0,1.0,0.0,0.0,24.3,0.0,0.0,0.0,0.0,0.0,0.0
772,37847.0,25.8,24.9,26.1,26.3,24.4,0.0,195.8,1.0,0.0,0.0,1.0,0.0,0.0,24.3,0.0,0.0,0.0,0.0,0.0,0.0
773,37860.0,26.0,24.9,26.1,26.1,24.4,0.0,195.8,1.0,0.0,0.0,1.0,0.0,0.0,24.3,0.0,0.0,0.0,0.0,0.0,0.0
774,37873.0,26.0,24.9,26.1,26.3,24.4,0.0,195.8,1.0,0.0,0.0,1.0,0.0,0.0,24.3,0.0,0.0,0.0,0.0,0.0,0.0
775,37886.0,25.8,24.9,26.1,26.1,24.4,0.0,195.8,1.0,0.0,0.0,1.0,0.0,0.0,24.3,0.0,0.0,0.0,0.0,0.0,0.0
776,37899.0,26.0,24.9,26.1,26.1,24.4,0.0,195.8,1.0,0.0,0.0,1.0,0.0,0.0,24.3,0.0,0.0,0.0,0.0,0.0,0.0
777,37912.0,26.0,24.9,26.1,26.3,24.4,0.0,195.8,1.0,0.0,0.0,1.0,0.0,0.0,24.3,0.0,0.0,0.0,0.0,0.0,0.0
778,37925.0,26.0,24.9,26.1,26.1,24.4,0.0,195.8,1.0,0.0,0.0,1.0,0.0,0.0,24.3,0.0,0.0,0.0,0.0,0.0,0.0
779,37938.0,26.0,24.9,26.1,26.1,24.4,0.0,195.8,1.0,0.0,0.0,1.0,0.0,0.0,24.3,0.0,0.0,0.0,0.0,0.0,0.0
780,37951.0,26.0,24.9,26.1,26.1,24.4,0.0,195.8,1.0,0.0,0.0,1.0,0.0,0.0,24.3,0.0,0.0,0.0,0.0,0.0,0.0
781,37964.0,25.8,24.9,26.1,26.1,24.4,0.0,196.1,1.0,0.0,0.0,1.0,0.0,0.0,24.3,0.0,0.0,0.0,0.0,0.0,0.0
782,37977.0,25.8,24.9,26.1,26.1,24.4,0.0,196.1,1.0,0.0,0.0,1.0,0.0,0.0,24.3,0.0,0.0,0.0,0.0,0.0,0.0
783,37990.0,25.8,24.9,26.1,26.3,24.4,0.0,196.1,1.0,0.0,0.0,1.0,0.0,0.0,24.3,0.0,0.0,0.0,0.0,0.0,0.0
784,38003.0,25.8,24.9,26.1,26.1,24.4,0.0,196.1,1.0,0.0,0.0,1.0,0.0,0.0,24.3,0.0,0.0,0.0,0.0,0.0,0.0
785,38016.0,26.0,24.9,26.1,26.3,24.4,0.0,196.1,1.0,0.0,0.0,1.0,0.0,0.0,24.3,0.0,0.0,0.0,0.0,0.0,0.0
786,38029.0,25.8,24.9,26.1,26.1,24.4,0.0,196.1,1.0,0.0,0.0,1.0,0.0,0.0,24.3,0.0,0.0,0.0,0.0,0.0,0.0
787,38042.0,26.0,24.9,26.1,26.3,24.4,0.0,195.8,1.0,0.0,0.0,1.0,0.0,0.0,24.3,0.0,0.0,0.0,0.0,0.0,0.0
788,38055.0,25.8,24.9,26.1,26.1,24.4,0.0,196.1,1.0,0.0,0.0,1.0,0.0,0.0,24.3,0.0,0.0,0.0,0.0,0.0,0.0
789,38068.0,25.8,24.9,26.1,26.1,24.4,0.0,196.1,1.0,0.0,0.0,1.0,0.0,0.0,24.3,0.0,0.0,0.0,0.0,0.0,0.0
790,38081.0,25.8,24.9,26.1,26.1,24.4,0.0,196.1,1.0,0.0,0.0,1.0,0.0,0.0,24.3,0.0,0.0,0.0,0.0,0.0,0.0
791,38094.0,25.8,24.9,26.1,26.1,24.4,0.0,196.1,1.0,0.0,0.0,1.0,0.0,0.0,24.3,0.0,0.0,0.0,0.0,0.0,0.0
792,38107.0,26.0,24.9,26.1,26.1,24.4,0.0,196.1,1.0,0.0,0.0,1.0,0.0,0.0,24.3,0.0,0.0,0.0,0.0,0.0,0.0
793,38120.0,26.0,24.9,26.1,26.1,24.4,0.0,196.1,1.0,0.0,0.0,1.0,0.0,0.0,24.3,0.0,0.0,0.0,0.0,0.0,0.0
794,38133.0,25.8,24.9,26.1,26.3,24.4,0.0,196.1,1.0,0.0,0.0,1.0,0.0,0.0,24.3,0.0,0.0,0.0,0.0,0.0,0.0
795,38146.0,25.8,24.9,26.1,26.1,24.4,0.0,196.1,1.0,0.0,0.0,1.0,0.0,0.0,24.3,0.0,0.0,0.0,0.0,0.0,0.0
796,38159.0,26.0,24.9,26.1,26.3,24.4,0.0,196.1,1.0,0.0,0.0,1.0,0.0,0.0,24.3,0.0,0.0,0.0,0.0,0.0,0.0
797,38172.0,25.8,24.9,26.1,26.3,24.4,0.0,196.1,1.0,0.0,0.0,1.0,0.0,0.0,24.3,0.0,0.0,0.0,0.0,0.0,0.0
798,38185.0,25.8,24.9,26.1,26.1,24.4,0.0,196.1,1.0,0.0,0.0,1.0,0.0,0.0,24.3,0.0,0.0,0.0,0.0,0.0,0.0
799,38198.0,25.8,24.9,26.1,26.3,24.4,0.0,196.1,1.0,0.0,0.0,1.0,0.0,0.0,24.3,0.0,0.0,0.0,0.0,0.0,0.0
800,38211.0,26.0,24.9,26.1,26.3,24.4,0.0,196.1,1.0,0.0,0.0,1.0,0.0,0.0,24.3,0.0,0.0,0.0,0.0,0.0,0.0
801,38224.0,25.8,24.9,26.1,26.1,24.4,0.0,196.1,1.0,0.0,0.0,1.0,0.0,0.0,24.3,0.0,0.0,0.0,0.0,0.0,0.0
802,38237.0,25.8,24.9,26.1,26.1,24.4,0.0,196.1,1.0,0.0,0.0,1.0,0.0,0.0,24.3,0.0,0.0,0.0,0.0,0.0,0.0
803,38250.0,25.8,24.9,26.1,26.1,24.4,0.0,196.1,1.0,0.0,0.0,1.0,0.0,0.0,24.3,0.0,0.0,0.0,0.0,0.0,0.0
804,38263.0,25.8,24.9,26.1,26.1,24.4,0.0,196.1,1.0,0.0,0.0,1.0,0.0,0.0,24.3,0.0,0.0,0.0,0.0,0.0,0.0
805,38276.0,25.8,24.9,26.1,26.3,24.4,0.0,196.1,1.0,0.0,0.0,1.0,0.0,0.0,24.3,0.0,0.0,0.0,0.0,0.0,0.0
806,38289.0,26.0,24.9,26.1,26.3,24.4,0.0,196.1,1.0,0.0,0.0,1.0,0.0,0.0,24.3,0.0,0.0,0.0,0.0,0.0,0.0
807,38302.0,26.0,24.9,26.1,26.1,24.4,0.0,196.1,1.0,0.0,0.0,1.0,0.0,0.0,24.3,0.0,0.0,0.0,0.0,0.0,0.0
808,38315.0,25.8,24.9,26.1,26.3,24.4,0.0,196.1,1.0,0.0,0.0,1.0,0.0,0.0,24.3,0.0,0.0,0.0,0.0,0.0,0.0
809,38328.0,26.0,24.9,26.1,26.1,24.4,0.0,196.1,1.0,0.0,0.0,1.0,0.0,0.0,24.3,0.0,0.0,0.0,0.0,0.0,0.0
810,38341.0,25.8,24.9,26.1,26.1,24.4,0.0,196.1,1.0,0.0,0.0,1.0,0.0,0.0,24.3,0.0,0.0,0.0,0.0,0.0,0.0
811,38354.0,26.0,24.9,26.1,26.1,24.4,0.0,196.1,1.0,0.0,0.0,1.0,0.0,0.0,24.3,0.0,0.0,0.0,0.0,0.0,0.0
812,38367.0,25.8,24.9,26.1,26.1,24.4,0.0,196.1,1.0,0.0,0.0,1.0,0.0,0.0,24.0,0.0,0.0,0.0,0.0,0.0,0.0
813,38380.0,26.0,24.9,26.1,26.1,24.4,0.0,196.1,1.0,0.0,0.0,1.0,0.0,0.0,24.3,0.0,0.0,0.0,0.0,0.0,0.0
814,38393.0,25.8,24.9,26.1,26.3,24.4,0.0,196.1,1.0,0.0,0.0,1.0,0.0,0.0,24.3,0.0,0.0,0.0,0.0,0.0,0.0
815,38406.0,26.0,24.9,26.1,26.3,24.4,0.0,196.1,1.0,0.0,0.0,1.0,0.0,0.0,24.3,0.0,0.0,0.0,0.0,0.0,0.0
816,38419.0,26.0,24.9,26.1,26.1,24.4,0.0,196.1,1.0,0.0,0.0,1.0,0.0,0.0,24.3,0.0,0.0,0.0,0.0,0.0,0.0
817,38432.0,26.0,24.9,26.1,26.1,24.4,0.0,196.1,1.0,0.0,0.0,1.0,0.0,0.0,24.3,0.0,0.0,0.0,0.0,0.0,0.0
818,38445.0,25.8,24.9,26.1,26.1,24.4,0.0,196.1,1.0,0.0,0.0,1.0,0.0,0.0,24.3,0.0,0.0,0.0,0.0,0.0,0.0
819,38458.0,25.8,24.9,26.1,26.1,24.4,0.0,196.1,1.0,0.0,0.0,1.0,0.0,0.0,24.3,0.0,0.0,0.0,0.0,0.0,0.0
820,38471.0,26.0,24.9,26.1,26.3,24.4,0.0,196.1,1.0,0.0,0.0,1.0,0.0,0.0,24.3,0.0,0.0,0.0,0.0,0.0,0.0
821,38484.0,25.8,24.9,26.1,26.1,24.4,0.0,196.1,1.0,0.0,0.0,1.0,0.0,0.0,24.3,0.0,0.0,0.0,0.0,0.0,0.0
822,38497.0,25.8,24.9,26.1,26.1,24.4,0.0,196.1,1.0,0.0,0.0,1.0,0.0,0.0,24.0,0.0,0.0,0.0,0.0,0.0,0.0
823,38510.0,25.8,24.9,26.1,26.1,24.4,0.0,196.1,1.0,0.0,0.0,1.0,0.0,0.0,24.3,0.0,0.0,0.0,0.0,0.0,0.0
824,38523.0,25.8,24.9,26.1,26.3,24.4,0.0,196.1,1.0,0.0,0.0,1.0,0.0,0.0,24.3,0.0,0.0,0.0,0.0,0.0,0.0
825,38536.0,26.0,24.9,26.1,26.3,24.4,0.0,196.1,1.0,0.0,0.0,1.0,0.0,0.0,24.3,0.0,0.0,0.0,0.0,0.0,0.0
826,38549.0,26.0,24.9,26.1,26.1,24.4,0.0,196.1,1.0,0.0,0.0,1.0,0.0,0.0,24.3,0.0,0.0,0.0,0.0,0.0,0.0
827,38562.0,25.8,24.9,26.1,26.3,24.4,0.0,196.1,1.0,0.0,0.0,1.0,0.0,0.0,24.3,0.0,0.0,0.0,0.0,0.0,0.0
828,38575.0,25.8,24.9,26.1,26.1,24.4,0.0,196.1,1.0,0.0,0.0,1.0,0.0,0.0,24.3,0.0,0.0,0.0,0.0,0.0,0.0
829,38588.0,25.8,24.9,26.1,26.1,24.4,0.0,196.1,1.0,0.0,0.0,1.0,0.0,0.0,24.3,0.0,0.0,0.0,0.0,0.0,0.0
830,38601.0,25.8,24.9,26.1,26.1,24.4,0.0,196.1,1.0,0.0,0.0,1.0,0.0,0.0,24.0,0.0,0.0,0.0,0.0,0.0,0.0
831,38614.0,25.8,24.9,26.1,26.1,24.4,0.0,196.1,1.0,0.0,0.0,1.0,0.0,0.0,24.3,0.0,0.0,0.0,0.0,0.0,0.0
832,38627.0,25.8,24.9,26.1,26.1,24.4,0.0,196.1,1.0,0.0,0.0,1.0,0.0,0.0,24.3,0.0,0.0,0.0,0.0,0.0,0.0
